Order ID,Date,Product Name,Category,Sub Category,Quantity,Unit Price,Revenue (Before Tax),Tax Rate (%),Tax Collected,Total Bill Amount (Customer Paid),Cost,Profit
ORD10849,2025-01-01,Cold Brew,Beverages,Cold Drinks,3,266,798,18.0,143.64,941.64,723.0,75.0
ORD10678,2025-01-01,Veg Puff,Food,Snacks,4,230,920,5.0,46.0,966.0,589.01,330.99
ORD10649,2025-01-01,Banana Bread,Food,Bakery,4,266,1064,5.0,53.2,1117.2,696.07,367.93
ORD10756,2025-01-01,Green Tea,Beverages,Tea,3,266,798,18.0,143.64,941.64,414.74,383.26
ORD10992,2025-01-01,Chicken Roll,Food,Snacks,3,164,492,5.0,24.6,516.6,334.56,157.44
ORD10447,2025-01-01,Cold Brew,Beverages,Cold Drinks,1,233,233,18.0,41.94,274.94,196.47,36.53
ORD10207,2025-01-02,Muffin,Food,Bakery,2,132,264,5.0,13.2,277.2,174.91,89.09
ORD10264,2025-01-02,Croissant,Food,Bakery,1,171,171,5.0,8.55,179.55,104.09,66.91
ORD10064,2025-01-02,Americano,Beverages,Coffee,1,271,271,18.0,48.78,319.78,155.76,115.24
ORD10896,2025-01-03,Veg Puff,Food,Snacks,4,149,596,5.0,29.8,625.8,357.87,238.13
ORD10949,2025-01-04,Black Tea,Beverages,Tea,4,194,776,18.0,139.68,915.68,479.16,296.84
ORD10497,2025-01-04,Cappuccino,Beverages,Coffee,1,346,346,18.0,62.28,408.28,201.44,144.56
ORD10326,2025-01-04,Green Tea,Beverages,Tea,2,212,424,18.0,76.32,500.32,254.57,169.43
ORD10969,2025-01-04,Latte,Beverages,Coffee,3,224,672,18.0,120.96,792.96,340.49,331.51
ORD10614,2025-01-05,Cappuccino,Beverages,Coffee,2,201,402,18.0,72.36,474.36,234.89,167.11
ORD10416,2025-01-05,Chicken Roll,Food,Snacks,2,141,282,5.0,14.1,296.1,184.29,97.71
ORD10721,2025-01-05,Latte,Beverages,Coffee,2,295,590,18.0,106.2,696.2,332.98,257.02
ORD10129,2025-01-05,Latte,Beverages,Coffee,1,175,175,18.0,31.5,206.5,94.59,80.41
ORD10843,2025-01-05,Banana Bread,Food,Bakery,1,278,278,5.0,13.9,291.9,199.52,78.48
ORD10965,2025-01-06,Chicken Roll,Food,Snacks,3,148,444,5.0,22.2,466.2,315.28,128.72
ORD10742,2025-01-06,Muffin,Food,Bakery,1,205,205,5.0,10.25,215.25,134.08,70.92
ORD10335,2025-01-06,Green Tea,Beverages,Tea,2,267,534,18.0,96.12,630.12,346.03,187.97
ORD10935,2025-01-06,Espresso,Beverages,Coffee,2,131,262,18.0,47.16,309.16,141.48,120.52
ORD10895,2025-01-07,Veg Puff,Food,Snacks,1,137,137,5.0,6.85,143.85,83.23,53.77
ORD10606,2025-01-07,Chicken Roll,Food,Snacks,4,183,732,5.0,36.6,768.6,480.67,251.33
ORD10829,2025-01-08,Veg Puff,Food,Snacks,4,184,736,5.0,36.8,772.8,445.09,290.91
ORD10688,2025-01-08,Muffin,Food,Bakery,3,255,765,5.0,38.25,803.25,475.05,289.95
ORD10876,2025-01-08,Banana Bread,Food,Bakery,3,138,414,5.0,20.7,434.7,288.32,125.68
ORD10098,2025-01-09,Latte,Beverages,Coffee,1,166,166,18.0,29.88,195.88,91.51,74.49
ORD10270,2025-01-09,Latte,Beverages,Coffee,1,195,195,18.0,35.1,230.1,114.2,80.8
ORD10602,2025-01-09,Croissant,Food,Bakery,2,138,276,5.0,13.8,289.8,195.72,80.28
ORD10715,2025-01-10,Muffin,Food,Bakery,3,152,456,5.0,22.8,478.8,285.99,170.01
ORD10485,2025-01-10,Veg Puff,Food,Snacks,4,263,1052,5.0,52.6,1104.6,738.25,313.75
ORD10852,2025-01-12,Latte,Beverages,Coffee,4,233,932,18.0,167.76,1099.76,595.91,336.09
ORD10682,2025-01-12,Chicken Roll,Food,Snacks,2,181,362,5.0,18.1,380.1,243.86,118.14
ORD10519,2025-01-12,Sandwich,Food,Snacks,3,242,726,5.0,36.3,762.3,493.22,232.78
ORD10917,2025-01-13,Veg Puff,Food,Snacks,3,223,669,5.0,33.45,702.45,463.02,205.98
ORD10379,2025-01-13,Veg Puff,Food,Snacks,2,169,338,5.0,16.9,354.9,231.93,106.07
ORD10152,2025-01-13,Cold Brew,Beverages,Cold Drinks,3,178,534,18.0,96.12,630.12,478.17,55.83
ORD10555,2025-01-13,Chicken Roll,Food,Snacks,2,235,470,5.0,23.5,493.5,313.47,156.53
ORD10051,2025-01-14,Iced Latte,Beverages,Cold Drinks,2,160,320,18.0,57.6,377.6,290.97,29.03
ORD10676,2025-01-14,Banana Bread,Food,Bakery,3,220,660,5.0,33.0,693.0,467.38,192.62
ORD10886,2025-01-14,Espresso,Beverages,Coffee,2,233,466,18.0,83.88,549.88,265.38,200.62
ORD10892,2025-01-14,Americano,Beverages,Coffee,3,217,651,18.0,117.18,768.18,330.81,320.19
ORD10135,2025-01-15,Frappuccino,Beverages,Cold Drinks,3,144,432,18.0,77.76,509.76,349.54,82.46
ORD10093,2025-01-15,Chicken Roll,Food,Snacks,3,241,723,5.0,36.15,759.15,461.91,261.09
ORD10904,2025-01-15,Chicken Roll,Food,Snacks,1,264,264,5.0,13.2,277.2,180.16,83.84
ORD10498,2025-01-16,Cold Brew,Beverages,Cold Drinks,1,310,310,18.0,55.8,365.8,279.41,30.59
ORD10330,2025-01-17,Sandwich,Food,Snacks,1,127,127,5.0,6.35,133.35,85.43,41.57
ORD10353,2025-01-18,Black Tea,Beverages,Tea,4,232,928,18.0,167.04,1095.04,479.74,448.26
ORD10567,2025-01-19,Sandwich,Food,Snacks,4,169,676,5.0,33.8,709.8,446.33,229.67
ORD10637,2025-01-19,Banana Bread,Food,Bakery,2,267,534,5.0,26.7,560.7,372.07,161.93
ORD10384,2025-01-20,Green Tea,Beverages,Tea,4,134,536,18.0,96.48,632.48,343.13,192.87
ORD10672,2025-01-20,Chicken Roll,Food,Snacks,2,261,522,5.0,26.1,548.1,318.17,203.83
ORD10988,2025-01-20,Chicken Roll,Food,Snacks,3,206,618,5.0,30.9,648.9,409.47,208.53
ORD10045,2025-01-21,Veg Puff,Food,Snacks,4,210,840,5.0,42.0,882.0,591.91,248.09
ORD10007,2025-01-21,Espresso,Beverages,Coffee,2,282,564,18.0,101.52,665.52,291.03,272.97
ORD10847,2025-01-22,Muffin,Food,Bakery,1,215,215,5.0,10.75,225.75,140.33,74.67
ORD10308,2025-01-22,Sandwich,Food,Snacks,2,178,356,5.0,17.8,373.8,247.48,108.52
ORD10026,2025-01-22,Masala Chai,Beverages,Tea,2,319,638,18.0,114.84,752.84,332.33,305.67
ORD10748,2025-01-23,Cappuccino,Beverages,Coffee,4,267,1068,18.0,192.24,1260.24,579.64,488.36
ORD10483,2025-01-23,Green Tea,Beverages,Tea,1,159,159,18.0,28.62,187.62,85.05,73.95
ORD10581,2025-01-25,Muffin,Food,Bakery,4,249,996,5.0,49.8,1045.8,637.55,358.45
ORD10919,2025-01-25,Iced Latte,Beverages,Cold Drinks,1,135,135,18.0,24.3,159.3,118.65,16.35
ORD10915,2025-01-25,Iced Latte,Beverages,Cold Drinks,4,166,664,18.0,119.52,783.52,547.84,116.16
ORD10978,2025-01-26,Green Tea,Beverages,Tea,1,194,194,18.0,34.92,228.92,112.34,81.66
ORD10873,2025-01-26,Banana Bread,Food,Bakery,2,243,486,5.0,24.3,510.3,294.53,191.47
ORD10376,2025-01-26,Chicken Roll,Food,Snacks,4,252,1008,5.0,50.4,1058.4,622.82,385.18
ORD10317,2025-01-27,Chicken Roll,Food,Snacks,2,140,280,5.0,14.0,294.0,171.27,108.73
ORD10110,2025-01-28,Banana Bread,Food,Bakery,2,208,416,5.0,20.8,436.8,263.19,152.81
ORD10165,2025-01-28,Banana Bread,Food,Bakery,3,222,666,5.0,33.3,699.3,400.36,265.64
ORD10907,2025-01-28,Chicken Roll,Food,Snacks,1,122,122,5.0,6.1,128.1,83.64,38.36
ORD10697,2025-01-28,Veg Puff,Food,Snacks,1,214,214,5.0,10.7,224.7,150.85,63.15
ORD10887,2025-01-28,Black Tea,Beverages,Tea,4,229,916,18.0,164.88,1080.88,499.66,416.34
ORD10150,2025-01-29,Black Tea,Beverages,Tea,1,198,198,18.0,35.64,233.64,120.71,77.29
ORD10615,2025-01-29,Croissant,Food,Bakery,4,120,480,5.0,24.0,504.0,306.15,173.85
ORD10802,2025-01-30,Frappuccino,Beverages,Cold Drinks,1,251,251,18.0,45.18,296.18,205.03,45.97
ORD10960,2025-01-31,Chicken Roll,Food,Snacks,1,205,205,5.0,10.25,215.25,138.31,66.69
ORD10115,2025-02-02,Chicken Roll,Food,Snacks,1,186,186,5.0,9.3,195.3,111.85,74.15
ORD10508,2025-02-02,Muffin,Food,Bakery,4,120,480,5.0,24.0,504.0,324.7,155.3
ORD10306,2025-02-02,Sandwich,Food,Snacks,4,204,816,5.0,40.8,856.8,492.48,323.52
ORD10815,2025-02-03,Masala Chai,Beverages,Tea,4,343,1372,18.0,246.96,1618.96,845.19,526.81
ORD10855,2025-02-03,Veg Puff,Food,Snacks,4,268,1072,5.0,53.6,1125.6,737.5,334.5
ORD10762,2025-02-03,Cold Brew,Beverages,Cold Drinks,4,316,1264,18.0,227.52,1491.52,1142.08,121.92
ORD10928,2025-02-03,Cappuccino,Beverages,Coffee,1,132,132,18.0,23.76,155.76,82.3,49.7
ORD10124,2025-02-04,Sandwich,Food,Snacks,1,128,128,5.0,6.4,134.4,89.66,38.34
ORD10524,2025-02-04,Iced Latte,Beverages,Cold Drinks,1,339,339,18.0,61.02,400.02,283.22,55.78
ORD10059,2025-02-04,Banana Bread,Food,Bakery,4,162,648,5.0,32.4,680.4,430.59,217.41
ORD10327,2025-02-04,Cappuccino,Beverages,Coffee,1,224,224,18.0,40.32,264.32,127.1,96.9
ORD10709,2025-02-04,Green Tea,Beverages,Tea,3,243,729,18.0,131.22,860.22,422.75,306.25
ORD10963,2025-02-05,Veg Puff,Food,Snacks,4,203,812,5.0,40.6,852.6,525.02,286.98
ORD10382,2025-02-05,Sandwich,Food,Snacks,1,146,146,5.0,7.3,153.3,103.33,42.67
ORD10151,2025-02-05,Green Tea,Beverages,Tea,4,234,936,18.0,168.48,1104.48,484.19,451.81
ORD10546,2025-02-05,Latte,Beverages,Coffee,4,141,564,18.0,101.52,665.52,285.65,278.35
ORD10338,2025-02-06,Chicken Roll,Food,Snacks,1,158,158,5.0,7.9,165.9,96.76,61.24
ORD10552,2025-02-06,Banana Bread,Food,Bakery,3,217,651,5.0,32.55,683.55,402.44,248.56
ORD10268,2025-02-06,Masala Chai,Beverages,Tea,1,221,221,18.0,39.78,260.78,111.81,109.19
ORD10311,2025-02-07,Sandwich,Food,Snacks,1,230,230,5.0,11.5,241.5,150.86,79.14
ORD10996,2025-02-07,Muffin,Food,Bakery,2,255,510,5.0,25.5,535.5,355.25,154.75
ORD10250,2025-02-08,Croissant,Food,Bakery,2,111,222,5.0,11.1,233.1,156.23,65.77
ORD10909,2025-02-08,Muffin,Food,Bakery,3,207,621,5.0,31.05,652.05,443.45,177.55
ORD10477,2025-02-08,Veg Puff,Food,Snacks,1,277,277,5.0,13.85,290.85,186.79,90.21
ORD10373,2025-02-08,Espresso,Beverages,Coffee,3,128,384,18.0,69.12,453.12,223.24,160.76
ORD10638,2025-02-08,Cappuccino,Beverages,Coffee,3,257,771,18.0,138.78,909.78,391.51,379.49
ORD10766,2025-02-08,Latte,Beverages,Coffee,2,187,374,18.0,67.32,441.32,231.9,142.1
ORD10586,2025-02-08,Banana Bread,Food,Bakery,3,245,735,5.0,36.75,771.75,460.46,274.54
ORD10961,2025-02-09,Banana Bread,Food,Bakery,3,237,711,5.0,35.55,746.55,475.94,235.06
ORD10091,2025-02-10,Chicken Roll,Food,Snacks,4,131,524,5.0,26.2,550.2,365.13,158.87
ORD10109,2025-02-10,Chicken Roll,Food,Snacks,2,103,206,5.0,10.3,216.3,136.6,69.4
ORD10700,2025-02-10,Veg Puff,Food,Snacks,1,199,199,5.0,9.95,208.95,132.45,66.55
ORD10137,2025-02-11,Muffin,Food,Bakery,2,201,402,5.0,20.1,422.1,246.17,155.83
ORD10589,2025-02-11,Muffin,Food,Bakery,4,103,412,5.0,20.6,432.6,286.04,125.96
ORD10933,2025-02-11,Sandwich,Food,Snacks,2,241,482,5.0,24.1,506.1,291.02,190.98
ORD10821,2025-02-12,Cappuccino,Beverages,Coffee,2,204,408,18.0,73.44,481.44,245.46,162.54
ORD10516,2025-02-12,Banana Bread,Food,Bakery,1,251,251,5.0,12.55,263.55,179.41,71.59
ORD10167,2025-02-13,Muffin,Food,Bakery,1,161,161,5.0,8.05,169.05,105.87,55.13
ORD10657,2025-02-13,Chicken Roll,Food,Snacks,2,111,222,5.0,11.1,233.1,141.64,80.36
ORD10517,2025-02-13,Banana Bread,Food,Bakery,4,120,480,5.0,24.0,504.0,308.35,171.65
ORD10071,2025-02-13,Masala Chai,Beverages,Tea,4,308,1232,18.0,221.76,1453.76,708.81,523.19
ORD10161,2025-02-14,Americano,Beverages,Coffee,4,289,1156,18.0,208.08,1364.08,618.4,537.6
ORD10708,2025-02-15,Espresso,Beverages,Coffee,2,190,380,18.0,68.4,448.4,231.42,148.58
ORD10854,2025-02-15,Black Tea,Beverages,Tea,4,161,644,18.0,115.92,759.92,350.92,293.08
ORD10334,2025-02-15,Black Tea,Beverages,Tea,4,253,1012,18.0,182.16,1194.16,587.96,424.04
ORD10862,2025-02-16,Green Tea,Beverages,Tea,1,255,255,18.0,45.9,300.9,158.94,96.06
ORD10471,2025-02-16,Black Tea,Beverages,Tea,4,197,788,18.0,141.84,929.84,445.95,342.05
ORD10422,2025-02-16,Espresso,Beverages,Coffee,3,283,849,18.0,152.82,1001.82,475.59,373.41
ORD10991,2025-02-16,Cold Brew,Beverages,Cold Drinks,4,215,860,18.0,154.8,1014.8,713.53,146.47
ORD10673,2025-02-16,Cappuccino,Beverages,Coffee,3,252,756,18.0,136.08,892.08,399.25,356.75
ORD10453,2025-02-17,Latte,Beverages,Coffee,4,220,880,18.0,158.4,1038.4,467.52,412.48
ORD10870,2025-02-17,Cold Brew,Beverages,Cold Drinks,3,180,540,18.0,97.2,637.2,465.86,74.14
ORD10116,2025-02-17,Green Tea,Beverages,Tea,3,332,996,18.0,179.28,1175.28,632.46,363.54
ORD10329,2025-02-18,Green Tea,Beverages,Tea,4,176,704,18.0,126.72,830.72,389.94,314.06
ORD10030,2025-02-18,Latte,Beverages,Coffee,3,348,1044,18.0,187.92,1231.92,638.5,405.5
ORD10062,2025-02-19,Sandwich,Food,Snacks,4,116,464,5.0,23.2,487.2,290.91,173.09
ORD10395,2025-02-20,Frappuccino,Beverages,Cold Drinks,2,308,616,18.0,110.88,726.88,560.64,55.36
ORD10805,2025-02-20,Banana Bread,Food,Bakery,2,103,206,5.0,10.3,216.3,124.56,81.44
ORD10841,2025-02-20,Frappuccino,Beverages,Cold Drinks,3,335,1005,18.0,180.9,1185.9,850.62,154.38
ORD10314,2025-02-20,Cappuccino,Beverages,Coffee,3,341,1023,18.0,184.14,1207.14,608.56,414.44
ORD10037,2025-02-20,Banana Bread,Food,Bakery,2,272,544,5.0,27.2,571.2,327.2,216.8
ORD10757,2025-02-20,Muffin,Food,Bakery,1,145,145,5.0,7.25,152.25,93.87,51.13
ORD10198,2025-02-21,Chicken Roll,Food,Snacks,1,139,139,5.0,6.95,145.95,92.59,46.41
ORD10143,2025-02-21,Frappuccino,Beverages,Cold Drinks,3,200,600,18.0,108.0,708.0,532.14,67.86
ORD10576,2025-02-21,Banana Bread,Food,Bakery,2,179,358,5.0,17.9,375.9,238.92,119.08
ORD10749,2025-02-22,Latte,Beverages,Coffee,1,158,158,18.0,28.44,186.44,89.39,68.61
ORD10413,2025-02-22,Chicken Roll,Food,Snacks,1,177,177,5.0,8.85,185.85,118.83,58.17
ORD10216,2025-02-22,Sandwich,Food,Snacks,3,138,414,5.0,20.7,434.7,248.46,165.54
ORD10582,2025-02-22,Banana Bread,Food,Bakery,2,129,258,5.0,12.9,270.9,176.71,81.29
ORD10817,2025-02-22,Cappuccino,Beverages,Coffee,2,260,520,18.0,93.6,613.6,273.13,246.87
ORD10086,2025-02-22,Banana Bread,Food,Bakery,1,164,164,5.0,8.2,172.2,102.77,61.23
ORD10055,2025-02-22,Espresso,Beverages,Coffee,3,174,522,18.0,93.96,615.96,307.3,214.7
ORD10410,2025-02-23,Americano,Beverages,Coffee,1,268,268,18.0,48.24,316.24,141.17,126.83
ORD10210,2025-02-23,Black Tea,Beverages,Tea,3,132,396,18.0,71.28,467.28,212.18,183.82
ORD10774,2025-02-23,Muffin,Food,Bakery,3,220,660,5.0,33.0,693.0,465.2,194.8
ORD10679,2025-02-23,Banana Bread,Food,Bakery,4,120,480,5.0,24.0,504.0,335.58,144.42
ORD10356,2025-02-23,Cappuccino,Beverages,Coffee,1,261,261,18.0,46.98,307.98,156.61,104.39
ORD10065,2025-02-23,Frappuccino,Beverages,Cold Drinks,1,317,317,18.0,57.06,374.06,288.4,28.6
ORD10278,2025-02-23,Iced Latte,Beverages,Cold Drinks,2,241,482,18.0,86.76,568.76,433.11,48.89
ORD10039,2025-02-24,Cold Brew,Beverages,Cold Drinks,3,145,435,18.0,78.3,513.3,379.27,55.73
ORD10884,2025-02-25,Sandwich,Food,Snacks,2,173,346,5.0,17.3,363.3,241.71,104.29
ORD10866,2025-02-25,Masala Chai,Beverages,Tea,4,325,1300,18.0,234.0,1534.0,784.04,515.96
ORD10585,2025-02-26,Latte,Beverages,Coffee,1,302,302,18.0,54.36,356.36,170.66,131.34
ORD10645,2025-02-27,Sandwich,Food,Snacks,2,267,534,5.0,26.7,560.7,368.51,165.49
ORD10357,2025-02-27,Latte,Beverages,Coffee,2,224,448,18.0,80.64,528.64,247.42,200.58
ORD10403,2025-02-27,Cold Brew,Beverages,Cold Drinks,4,191,764,18.0,137.52,901.52,643.6,120.4
ORD10656,2025-02-27,Chicken Roll,Food,Snacks,4,141,564,5.0,28.2,592.2,385.5,178.5
ORD10445,2025-02-27,Espresso,Beverages,Coffee,2,323,646,18.0,116.28,762.28,338.44,307.56
ORD10437,2025-02-27,Banana Bread,Food,Bakery,1,111,111,5.0,5.55,116.55,70.61,40.39
ORD10031,2025-02-28,Banana Bread,Food,Bakery,2,185,370,5.0,18.5,388.5,255.85,114.15
ORD10414,2025-03-01,Muffin,Food,Bakery,2,252,504,5.0,25.2,529.2,319.0,185.0
ORD10263,2025-03-01,Espresso,Beverages,Coffee,4,258,1032,18.0,185.76,1217.76,586.47,445.53
ORD10871,2025-03-02,Green Tea,Beverages,Tea,2,135,270,18.0,48.6,318.6,138.11,131.89
ORD10839,2025-03-02,Banana Bread,Food,Bakery,4,151,604,5.0,30.2,634.2,398.06,205.94
ORD10162,2025-03-03,Muffin,Food,Bakery,3,154,462,5.0,23.1,485.1,325.44,136.56
ORD10562,2025-03-03,Muffin,Food,Bakery,1,211,211,5.0,10.55,221.55,140.24,70.76
ORD10974,2025-03-03,Sandwich,Food,Snacks,2,177,354,5.0,17.7,371.7,220.06,133.94
ORD10117,2025-03-03,Black Tea,Beverages,Tea,3,253,759,18.0,136.62,895.62,447.52,311.48
ORD10102,2025-03-04,Americano,Beverages,Coffee,1,345,345,18.0,62.1,407.1,187.74,157.26
ORD10398,2025-03-04,Veg Puff,Food,Snacks,2,272,544,5.0,27.2,571.2,333.73,210.27
ORD10732,2025-03-04,Muffin,Food,Bakery,1,151,151,5.0,7.55,158.55,93.69,57.31
ORD10139,2025-03-04,Chicken Roll,Food,Snacks,1,148,148,5.0,7.4,155.4,102.83,45.17
ORD10513,2025-03-06,Croissant,Food,Bakery,1,186,186,5.0,9.3,195.3,112.67,73.33
ORD10095,2025-03-06,Masala Chai,Beverages,Tea,1,270,270,18.0,48.6,318.6,136.07,133.93
ORD10724,2025-03-06,Latte,Beverages,Coffee,4,167,668,18.0,120.24,788.24,356.07,311.93
ORD10159,2025-03-07,Masala Chai,Beverages,Tea,1,123,123,18.0,22.14,145.14,73.71,49.29
ORD10785,2025-03-07,Cold Brew,Beverages,Cold Drinks,3,292,876,18.0,157.68,1033.68,757.83,118.17
ORD10921,2025-03-08,Cold Brew,Beverages,Cold Drinks,4,344,1376,18.0,247.68,1623.68,1212.72,163.28
ORD10299,2025-03-09,Masala Chai,Beverages,Tea,1,308,308,18.0,55.44,363.44,173.33,134.67
ORD10920,2025-03-09,Iced Latte,Beverages,Cold Drinks,2,322,644,18.0,115.92,759.92,583.22,60.78
ORD10470,2025-03-10,Chicken Roll,Food,Snacks,4,195,780,5.0,39.0,819.0,497.19,282.81
ORD10579,2025-03-10,Green Tea,Beverages,Tea,4,278,1112,18.0,200.16,1312.16,693.62,418.38
ORD10459,2025-03-10,Cappuccino,Beverages,Coffee,3,185,555,18.0,99.9,654.9,335.35,219.65
ORD10814,2025-03-10,Espresso,Beverages,Coffee,4,245,980,18.0,176.4,1156.4,494.55,485.45
ORD10628,2025-03-11,Veg Puff,Food,Snacks,4,180,720,5.0,36.0,756.0,441.92,278.08
ORD10947,2025-03-11,Sandwich,Food,Snacks,4,216,864,5.0,43.2,907.2,575.26,288.74
ORD10765,2025-03-13,Sandwich,Food,Snacks,2,183,366,5.0,18.3,384.3,230.87,135.13
ORD10005,2025-03-13,Cold Brew,Beverages,Cold Drinks,1,220,220,18.0,39.6,259.6,196.07,23.93
ORD10859,2025-03-14,Latte,Beverages,Coffee,3,149,447,18.0,80.46,527.46,226.46,220.54
ORD10603,2025-03-15,Banana Bread,Food,Bakery,1,123,123,5.0,6.15,129.15,73.9,49.1
ORD10282,2025-03-16,Sandwich,Food,Snacks,3,172,516,5.0,25.8,541.8,347.55,168.45
ORD10786,2025-03-16,Chicken Roll,Food,Snacks,2,221,442,5.0,22.1,464.1,288.88,153.12
ORD10536,2025-03-16,Sandwich,Food,Snacks,2,158,316,5.0,15.8,331.8,206.26,109.74
ORD10968,2025-03-16,Veg Puff,Food,Snacks,1,213,213,5.0,10.65,223.65,140.51,72.49
ORD10601,2025-03-17,Masala Chai,Beverages,Tea,4,209,836,18.0,150.48,986.48,424.25,411.75
ORD10463,2025-03-17,Sandwich,Food,Snacks,1,113,113,5.0,5.65,118.65,76.02,36.98
ORD10571,2025-03-17,Cold Brew,Beverages,Cold Drinks,4,173,692,18.0,124.56,816.56,568.41,123.59
ORD10856,2025-03-19,Cappuccino,Beverages,Coffee,1,149,149,18.0,26.82,175.82,92.23,56.77
ORD10755,2025-03-19,Veg Puff,Food,Snacks,4,240,960,5.0,48.0,1008.0,656.9,303.1
ORD10888,2025-03-19,Croissant,Food,Bakery,2,178,356,5.0,17.8,373.8,237.66,118.34
ORD10664,2025-03-21,Masala Chai,Beverages,Tea,4,138,552,18.0,99.36,651.36,285.74,266.26
ORD10061,2025-03-22,Americano,Beverages,Coffee,3,329,987,18.0,177.66,1164.66,602.69,384.31
ORD10104,2025-03-22,Black Tea,Beverages,Tea,2,321,642,18.0,115.56,757.56,367.94,274.06
ORD10806,2025-03-22,Americano,Beverages,Coffee,4,226,904,18.0,162.72,1066.72,508.16,395.84
ORD10204,2025-03-22,Sandwich,Food,Snacks,1,161,161,5.0,8.05,169.05,114.11,46.89
ORD10711,2025-03-23,Black Tea,Beverages,Tea,2,239,478,18.0,86.04,564.04,247.62,230.38
ORD10932,2025-03-24,Banana Bread,Food,Bakery,2,101,202,5.0,10.1,212.1,138.4,63.6
ORD10752,2025-03-24,Sandwich,Food,Snacks,1,136,136,5.0,6.8,142.8,91.67,44.33
ORD10563,2025-03-25,Cold Brew,Beverages,Cold Drinks,2,283,566,18.0,101.88,667.88,510.4,55.6
ORD10754,2025-03-26,Latte,Beverages,Coffee,3,286,858,18.0,154.44,1012.44,541.51,316.49
ORD10466,2025-03-27,Masala Chai,Beverages,Tea,1,144,144,18.0,25.92,169.92,79.94,64.06
ORD10157,2025-03-27,Croissant,Food,Bakery,1,230,230,5.0,11.5,241.5,152.64,77.36
ORD10912,2025-03-27,Chicken Roll,Food,Snacks,1,239,239,5.0,11.95,250.95,144.78,94.22
ORD10012,2025-03-29,Banana Bread,Food,Bakery,4,249,996,5.0,49.8,1045.8,698.22,297.78
ORD10454,2025-03-30,Frappuccino,Beverages,Cold Drinks,2,168,336,18.0,60.48,396.48,290.56,45.44
ORD10049,2025-03-30,Veg Puff,Food,Snacks,3,191,573,5.0,28.65,601.65,385.52,187.48
ORD10692,2025-03-31,Veg Puff,Food,Snacks,3,252,756,5.0,37.8,793.8,481.3,274.7
ORD10527,2025-03-31,Masala Chai,Beverages,Tea,4,245,980,18.0,176.4,1156.4,603.87,376.13
ORD10993,2025-03-31,Veg Puff,Food,Snacks,4,183,732,5.0,36.6,768.6,506.27,225.73
ORD10530,2025-03-31,Banana Bread,Food,Bakery,4,248,992,5.0,49.6,1041.6,630.06,361.94
ORD10634,2025-04-01,Black Tea,Beverages,Tea,2,176,352,18.0,63.36,415.36,181.15,170.85
ORD10844,2025-04-02,Sandwich,Food,Snacks,4,181,724,5.0,36.2,760.2,506.29,217.71
ORD10389,2025-04-02,Latte,Beverages,Coffee,4,225,900,18.0,162.0,1062.0,546.88,353.12
ORD10436,2025-04-02,Black Tea,Beverages,Tea,1,277,277,18.0,49.86,326.86,172.65,104.35
ORD10057,2025-04-02,Veg Puff,Food,Snacks,2,236,472,5.0,23.6,495.6,328.67,143.33
ORD10529,2025-04-03,Green Tea,Beverages,Tea,3,309,927,18.0,166.86,1093.86,598.17,328.83
ORD10837,2025-04-03,Croissant,Food,Bakery,1,169,169,5.0,8.45,177.45,120.65,48.35
ORD10973,2025-04-04,Latte,Beverages,Coffee,2,157,314,18.0,56.52,370.52,195.01,118.99
ORD10472,2025-04-04,Veg Puff,Food,Snacks,3,159,477,5.0,23.85,500.85,322.88,154.12
ORD10954,2025-04-05,Cold Brew,Beverages,Cold Drinks,3,243,729,18.0,131.22,860.22,641.96,87.04
ORD10343,2025-04-05,Veg Puff,Food,Snacks,2,270,540,5.0,27.0,567.0,346.2,193.8
ORD10828,2025-04-05,Cappuccino,Beverages,Coffee,2,271,542,18.0,97.56,639.56,308.52,233.48
ORD10520,2025-04-05,Muffin,Food,Bakery,3,127,381,5.0,19.05,400.05,236.56,144.44
ORD10764,2025-04-05,Black Tea,Beverages,Tea,3,294,882,18.0,158.76,1040.76,446.37,435.63
ORD10193,2025-04-06,Chicken Roll,Food,Snacks,1,188,188,5.0,9.4,197.4,132.99,55.01
ORD10494,2025-04-06,Green Tea,Beverages,Tea,1,184,184,18.0,33.12,217.12,92.33,91.67
ORD10547,2025-04-06,Muffin,Food,Bakery,1,101,101,5.0,5.05,106.05,68.91,32.09
ORD10144,2025-04-06,Black Tea,Beverages,Tea,2,327,654,18.0,117.72,771.72,423.19,230.81
ORD10450,2025-04-06,Croissant,Food,Bakery,2,279,558,5.0,27.9,585.9,364.74,193.26
ORD10234,2025-04-07,Masala Chai,Beverages,Tea,3,148,444,18.0,79.92,523.92,276.71,167.29
ORD10321,2025-04-07,Green Tea,Beverages,Tea,2,147,294,18.0,52.92,346.92,184.84,109.16
ORD10230,2025-04-08,Black Tea,Beverages,Tea,3,239,717,18.0,129.06,846.06,450.18,266.82
ORD10793,2025-04-08,Chicken Roll,Food,Snacks,1,255,255,5.0,12.75,267.75,172.76,82.24
ORD10738,2025-04-08,Cold Brew,Beverages,Cold Drinks,4,120,480,18.0,86.4,566.4,420.52,59.48
ORD10336,2025-04-09,Chicken Roll,Food,Snacks,4,136,544,5.0,27.2,571.2,329.77,214.23
ORD10289,2025-04-09,Iced Latte,Beverages,Cold Drinks,4,160,640,18.0,115.2,755.2,568.19,71.81
ORD10344,2025-04-09,Frappuccino,Beverages,Cold Drinks,4,157,628,18.0,113.04,741.04,511.88,116.12
ORD10257,2025-04-09,Muffin,Food,Bakery,4,230,920,5.0,46.0,966.0,639.94,280.06
ORD10545,2025-04-09,Chicken Roll,Food,Snacks,2,185,370,5.0,18.5,388.5,265.72,104.28
ORD10272,2025-04-09,Veg Puff,Food,Snacks,1,247,247,5.0,12.35,259.35,164.79,82.21
ORD10120,2025-04-09,Muffin,Food,Bakery,1,253,253,5.0,12.65,265.65,163.43,89.57
ORD10740,2025-04-09,Black Tea,Beverages,Tea,1,264,264,18.0,47.52,311.52,150.71,113.29
ORD10580,2025-04-09,Latte,Beverages,Coffee,3,168,504,18.0,90.72,594.72,257.83,246.17
ORD10478,2025-04-10,Masala Chai,Beverages,Tea,1,326,326,18.0,58.68,384.68,184.04,141.96
ORD10488,2025-04-10,Black Tea,Beverages,Tea,3,346,1038,18.0,186.84,1224.84,600.82,437.18
ORD10013,2025-04-10,Latte,Beverages,Coffee,3,191,573,18.0,103.14,676.14,354.85,218.15
ORD10569,2025-04-10,Croissant,Food,Bakery,2,119,238,5.0,11.9,249.9,168.11,69.89
ORD10510,2025-04-11,Green Tea,Beverages,Tea,1,319,319,18.0,57.42,376.42,188.88,130.12
ORD10202,2025-04-11,Chicken Roll,Food,Snacks,1,127,127,5.0,6.35,133.35,91.31,35.69
ORD10934,2025-04-11,Veg Puff,Food,Snacks,3,230,690,5.0,34.5,724.5,441.34,248.66
ORD10126,2025-04-11,Masala Chai,Beverages,Tea,3,306,918,18.0,165.24,1083.24,543.05,374.95
ORD10411,2025-04-11,Banana Bread,Food,Bakery,3,136,408,5.0,20.4,428.4,256.07,151.93
ORD10417,2025-04-13,Iced Latte,Beverages,Cold Drinks,1,288,288,18.0,51.84,339.84,230.95,57.05
ORD10787,2025-04-13,Black Tea,Beverages,Tea,4,217,868,18.0,156.24,1024.24,541.08,326.92
ORD10008,2025-04-13,Banana Bread,Food,Bakery,2,168,336,5.0,16.8,352.8,231.68,104.32
ORD10001,2025-04-13,Cappuccino,Beverages,Coffee,1,122,122,18.0,21.96,143.96,67.76,54.24
ORD10369,2025-04-14,Espresso,Beverages,Coffee,1,336,336,18.0,60.48,396.48,179.97,156.03
ORD10284,2025-04-14,Espresso,Beverages,Coffee,2,191,382,18.0,68.76,450.76,226.83,155.17
ORD10532,2025-04-15,Frappuccino,Beverages,Cold Drinks,3,279,837,18.0,150.66,987.66,721.91,115.09
ORD10739,2025-04-15,Iced Latte,Beverages,Cold Drinks,2,125,250,18.0,45.0,295.0,207.63,42.37
ORD10066,2025-04-16,Chicken Roll,Food,Snacks,1,276,276,5.0,13.8,289.8,184.83,91.17
ORD10429,2025-04-16,Frappuccino,Beverages,Cold Drinks,2,205,410,18.0,73.8,483.8,330.58,79.42
ORD10804,2025-04-16,Espresso,Beverages,Coffee,3,306,918,18.0,165.24,1083.24,591.75,326.25
ORD10868,2025-04-17,Chicken Roll,Food,Snacks,2,102,204,5.0,10.2,214.2,142.19,61.81
ORD10004,2025-04-17,Green Tea,Beverages,Tea,4,249,996,18.0,179.28,1175.28,536.04,459.96
ORD10166,2025-04-18,Croissant,Food,Bakery,2,128,256,5.0,12.8,268.8,156.32,99.68
ORD10415,2025-04-18,Green Tea,Beverages,Tea,1,126,126,18.0,22.68,148.68,75.77,50.23
ORD10587,2025-04-19,Muffin,Food,Bakery,3,146,438,5.0,21.9,459.9,301.36,136.64
ORD10923,2025-04-19,Espresso,Beverages,Coffee,4,335,1340,18.0,241.2,1581.2,800.98,539.02
ORD10925,2025-04-21,Cappuccino,Beverages,Coffee,1,291,291,18.0,52.38,343.38,175.28,115.72
ORD10823,2025-04-21,Muffin,Food,Bakery,3,167,501,5.0,25.05,526.05,310.53,190.47
ORD10927,2025-04-21,Sandwich,Food,Snacks,4,120,480,5.0,24.0,504.0,290.48,189.52
ORD10897,2025-04-21,Americano,Beverages,Coffee,4,188,752,18.0,135.36,887.36,459.57,292.43
ORD10929,2025-04-21,Frappuccino,Beverages,Cold Drinks,2,173,346,18.0,62.28,408.28,299.38,46.62
ORD10288,2025-04-22,Americano,Beverages,Coffee,3,273,819,18.0,147.42,966.42,488.56,330.44
ORD10779,2025-04-22,Croissant,Food,Bakery,3,262,786,5.0,39.3,825.3,517.44,268.56
ORD10948,2025-04-22,Veg Puff,Food,Snacks,3,210,630,5.0,31.5,661.5,379.78,250.22
ORD10262,2025-04-22,Chicken Roll,Food,Snacks,2,216,432,5.0,21.6,453.6,300.55,131.45
ORD10203,2025-04-23,Masala Chai,Beverages,Tea,4,233,932,18.0,167.76,1099.76,589.43,342.57
ORD10877,2025-04-23,Croissant,Food,Bakery,2,219,438,5.0,21.9,459.9,276.79,161.21
ORD10201,2025-04-23,Sandwich,Food,Snacks,4,136,544,5.0,27.2,571.2,333.55,210.45
ORD10283,2025-04-23,Muffin,Food,Bakery,2,140,280,5.0,14.0,294.0,199.42,80.58
ORD10206,2025-04-23,Muffin,Food,Bakery,3,139,417,5.0,20.85,437.85,293.46,123.54
ORD10989,2025-04-23,Iced Latte,Beverages,Cold Drinks,2,313,626,18.0,112.68,738.68,557.69,68.31
ORD10196,2025-04-23,Croissant,Food,Bakery,1,128,128,5.0,6.4,134.4,77.48,50.52
ORD10535,2025-04-24,Espresso,Beverages,Coffee,3,265,795,18.0,143.1,938.1,408.83,386.17
ORD10362,2025-04-24,Frappuccino,Beverages,Cold Drinks,2,251,502,18.0,90.36,592.36,428.0,74.0
ORD10531,2025-04-25,Muffin,Food,Bakery,2,101,202,5.0,10.1,212.1,132.98,69.02
ORD10346,2025-04-26,Frappuccino,Beverages,Cold Drinks,2,297,594,18.0,106.92,700.92,527.44,66.56
ORD10281,2025-04-26,Muffin,Food,Bakery,2,222,444,5.0,22.2,466.2,298.09,145.91
ORD10178,2025-04-26,Cold Brew,Beverages,Cold Drinks,2,243,486,18.0,87.48,573.48,446.09,39.91
ORD10654,2025-04-27,Banana Bread,Food,Bakery,3,171,513,5.0,25.65,538.65,347.36,165.64
ORD10440,2025-04-27,Sandwich,Food,Snacks,4,214,856,5.0,42.8,898.8,515.66,340.34
ORD10770,2025-04-28,Masala Chai,Beverages,Tea,3,160,480,18.0,86.4,566.4,269.71,210.29
ORD10983,2025-04-28,Masala Chai,Beverages,Tea,1,258,258,18.0,46.44,304.44,145.91,112.09
ORD10972,2025-04-28,Muffin,Food,Bakery,2,120,240,5.0,12.0,252.0,146.2,93.8
ORD10452,2025-04-28,Latte,Beverages,Coffee,3,290,870,18.0,156.6,1026.6,564.48,305.52
ORD10906,2025-04-29,Croissant,Food,Bakery,3,219,657,5.0,32.85,689.85,394.54,262.46
ORD10722,2025-04-29,Cold Brew,Beverages,Cold Drinks,4,130,520,18.0,93.6,613.6,465.24,54.76
ORD10279,2025-04-30,Cappuccino,Beverages,Coffee,3,225,675,18.0,121.5,796.5,405.38,269.62
ORD10433,2025-04-30,Iced Latte,Beverages,Cold Drinks,4,305,1220,18.0,219.6,1439.6,1116.79,103.21
ORD10177,2025-05-01,Cold Brew,Beverages,Cold Drinks,1,156,156,18.0,28.08,184.08,129.65,26.35
ORD10863,2025-05-01,Black Tea,Beverages,Tea,3,320,960,18.0,172.8,1132.8,607.36,352.64
ORD10592,2025-05-02,Cappuccino,Beverages,Coffee,4,209,836,18.0,150.48,986.48,443.45,392.55
ORD10446,2025-05-02,Green Tea,Beverages,Tea,4,261,1044,18.0,187.92,1231.92,569.47,474.53
ORD10689,2025-05-02,Latte,Beverages,Coffee,4,320,1280,18.0,230.4,1510.4,683.62,596.38
ORD10009,2025-05-02,Muffin,Food,Bakery,2,277,554,5.0,27.7,581.7,394.42,159.58
ORD10840,2025-05-02,Muffin,Food,Bakery,3,201,603,5.0,30.15,633.15,376.51,226.49
ORD10612,2025-05-02,Croissant,Food,Bakery,4,169,676,5.0,33.8,709.8,418.29,257.71
ORD10225,2025-05-03,Sandwich,Food,Snacks,1,136,136,5.0,6.8,142.8,94.47,41.53
ORD10236,2025-05-04,Cold Brew,Beverages,Cold Drinks,2,322,644,18.0,115.92,759.92,515.28,128.72
ORD10428,2025-05-04,Green Tea,Beverages,Tea,1,163,163,18.0,29.34,192.34,92.67,70.33
ORD10400,2025-05-05,Chicken Roll,Food,Snacks,2,120,240,5.0,12.0,252.0,161.09,78.91
ORD10644,2025-05-06,Chicken Roll,Food,Snacks,3,113,339,5.0,16.95,355.95,241.91,97.09
ORD10913,2025-05-06,Americano,Beverages,Coffee,2,220,440,18.0,79.2,519.2,283.15,156.85
ORD10451,2025-05-06,Chicken Roll,Food,Snacks,2,154,308,5.0,15.4,323.4,218.78,89.22
ORD10214,2025-05-06,Cold Brew,Beverages,Cold Drinks,3,150,450,18.0,81.0,531.0,360.28,89.72
ORD10639,2025-05-06,Sandwich,Food,Snacks,1,162,162,5.0,8.1,170.1,101.11,60.89
ORD10819,2025-05-06,Latte,Beverages,Coffee,2,250,500,18.0,90.0,590.0,312.01,187.99
ORD10366,2025-05-07,Veg Puff,Food,Snacks,1,188,188,5.0,9.4,197.4,120.12,67.88
ORD10443,2025-05-07,Espresso,Beverages,Coffee,2,203,406,18.0,73.08,479.08,218.65,187.35
ORD10883,2025-05-07,Cold Brew,Beverages,Cold Drinks,3,302,906,18.0,163.08,1069.08,819.05,86.95
ORD10352,2025-05-08,Veg Puff,Food,Snacks,2,244,488,5.0,24.4,512.4,343.68,144.32
ORD10249,2025-05-08,Croissant,Food,Bakery,1,163,163,5.0,8.15,171.15,110.55,52.45
ORD10305,2025-05-08,Black Tea,Beverages,Tea,1,169,169,18.0,30.42,199.42,97.53,71.47
ORD10171,2025-05-08,Croissant,Food,Bakery,3,276,828,5.0,41.4,869.4,543.23,284.77
ORD10253,2025-05-09,Cold Brew,Beverages,Cold Drinks,4,172,688,18.0,123.84,811.84,614.05,73.95
ORD10100,2025-05-09,Chicken Roll,Food,Snacks,4,239,956,5.0,47.8,1003.8,645.2,310.8
ORD10444,2025-05-09,Banana Bread,Food,Bakery,1,131,131,5.0,6.55,137.55,88.17,42.83
ORD10208,2025-05-10,Cold Brew,Beverages,Cold Drinks,4,199,796,18.0,143.28,939.28,660.23,135.77
ORD10215,2025-05-10,Green Tea,Beverages,Tea,3,279,837,18.0,150.66,987.66,447.2,389.8
ORD10276,2025-05-11,Espresso,Beverages,Coffee,2,273,546,18.0,98.28,644.28,299.38,246.62
ORD10016,2025-05-11,Muffin,Food,Bakery,2,222,444,5.0,22.2,466.2,294.27,149.73
ORD10042,2025-05-11,Cappuccino,Beverages,Coffee,3,142,426,18.0,76.68,502.68,231.4,194.6
ORD10127,2025-05-11,Masala Chai,Beverages,Tea,2,173,346,18.0,62.28,408.28,193.59,152.41
ORD10626,2025-05-12,Chicken Roll,Food,Snacks,4,216,864,5.0,43.2,907.2,561.74,302.26
ORD10807,2025-05-13,Iced Latte,Beverages,Cold Drinks,2,170,340,18.0,61.2,401.2,284.78,55.22
ORD10745,2025-05-13,Cold Brew,Beverages,Cold Drinks,4,203,812,18.0,146.16,958.16,707.17,104.83
ORD10593,2025-05-13,Espresso,Beverages,Coffee,2,180,360,18.0,64.8,424.8,198.06,161.94
ORD10850,2025-05-13,Veg Puff,Food,Snacks,1,168,168,5.0,8.4,176.4,120.39,47.61
ORD10981,2025-05-13,Iced Latte,Beverages,Cold Drinks,4,167,668,18.0,120.24,788.24,591.45,76.55
ORD10655,2025-05-14,Black Tea,Beverages,Tea,4,262,1048,18.0,188.64,1236.64,665.0,383.0
ORD10971,2025-05-14,Sandwich,Food,Snacks,4,114,456,5.0,22.8,478.8,300.99,155.01
ORD10163,2025-05-14,Americano,Beverages,Coffee,3,277,831,18.0,149.58,980.58,524.53,306.47
ORD10111,2025-05-15,Croissant,Food,Bakery,2,174,348,5.0,17.4,365.4,246.98,101.02
ORD10303,2025-05-15,Veg Puff,Food,Snacks,4,136,544,5.0,27.2,571.2,374.4,169.6
ORD10044,2025-05-15,Chicken Roll,Food,Snacks,2,203,406,5.0,20.3,426.3,248.51,157.49
ORD10618,2025-05-16,Chicken Roll,Food,Snacks,4,242,968,5.0,48.4,1016.4,689.62,278.38
ORD10693,2025-05-16,Veg Puff,Food,Snacks,3,120,360,5.0,18.0,378.0,248.97,111.03
ORD10101,2025-05-16,Masala Chai,Beverages,Tea,4,285,1140,18.0,205.2,1345.2,664.4,475.6
ORD10957,2025-05-17,Chicken Roll,Food,Snacks,3,277,831,5.0,41.55,872.55,594.61,236.39
ORD10183,2025-05-17,Muffin,Food,Bakery,3,216,648,5.0,32.4,680.4,428.67,219.33
ORD10809,2025-05-18,Black Tea,Beverages,Tea,1,289,289,18.0,52.02,341.02,180.72,108.28
ORD10103,2025-05-19,Muffin,Food,Bakery,4,185,740,5.0,37.0,777.0,456.44,283.56
ORD10998,2025-05-19,Chicken Roll,Food,Snacks,2,203,406,5.0,20.3,426.3,268.68,137.32
ORD10267,2025-05-20,Frappuccino,Beverages,Cold Drinks,1,164,164,18.0,29.52,193.52,148.13,15.87
ORD10990,2025-05-20,Latte,Beverages,Coffee,2,260,520,18.0,93.6,613.6,297.2,222.8
ORD10641,2025-05-21,Banana Bread,Food,Bakery,4,226,904,5.0,45.2,949.2,624.49,279.51
ORD10608,2025-05-21,Espresso,Beverages,Coffee,2,225,450,18.0,81.0,531.0,227.45,222.55
ORD10994,2025-05-22,Banana Bread,Food,Bakery,2,192,384,5.0,19.2,403.2,258.19,125.81
ORD10387,2025-05-22,Croissant,Food,Bakery,2,151,302,5.0,15.1,317.1,192.34,109.66
ORD10388,2025-05-23,Masala Chai,Beverages,Tea,3,275,825,18.0,148.5,973.5,484.39,340.61
ORD10677,2025-05-23,Croissant,Food,Bakery,4,207,828,5.0,41.4,869.4,528.01,299.99
ORD10148,2025-05-23,Veg Puff,Food,Snacks,3,244,732,5.0,36.6,768.6,488.02,243.98
ORD10681,2025-05-24,Frappuccino,Beverages,Cold Drinks,1,153,153,18.0,27.54,180.54,135.98,17.02
ORD10426,2025-05-24,Veg Puff,Food,Snacks,1,259,259,5.0,12.95,271.95,163.83,95.17
ORD10578,2025-05-24,Frappuccino,Beverages,Cold Drinks,2,281,562,18.0,101.16,663.16,503.89,58.11
ORD10584,2025-05-24,Veg Puff,Food,Snacks,1,275,275,5.0,13.75,288.75,169.87,105.13
ORD10260,2025-05-24,Banana Bread,Food,Bakery,2,108,216,5.0,10.8,226.8,135.45,80.55
ORD10465,2025-05-24,Cappuccino,Beverages,Coffee,3,250,750,18.0,135.0,885.0,419.85,330.15
ORD10233,2025-05-24,Masala Chai,Beverages,Tea,1,299,299,18.0,53.82,352.82,166.71,132.29
ORD10432,2025-05-25,Masala Chai,Beverages,Tea,4,235,940,18.0,169.2,1109.2,551.85,388.15
ORD10703,2025-05-25,Croissant,Food,Bakery,4,124,496,5.0,24.8,520.8,341.64,154.36
ORD10753,2025-05-25,Espresso,Beverages,Coffee,1,207,207,18.0,37.26,244.26,114.22,92.78
ORD10916,2025-05-25,Espresso,Beverages,Coffee,3,325,975,18.0,175.5,1150.5,541.59,433.41
ORD10622,2025-05-25,Chicken Roll,Food,Snacks,3,230,690,5.0,34.5,724.5,430.4,259.6
ORD10599,2025-05-26,Green Tea,Beverages,Tea,1,331,331,18.0,59.58,390.58,187.11,143.89
ORD10924,2025-05-26,Black Tea,Beverages,Tea,3,137,411,18.0,73.98,484.98,224.96,186.04
ORD10725,2025-05-26,Cappuccino,Beverages,Coffee,1,291,291,18.0,52.38,343.38,177.69,113.31
ORD10431,2025-05-27,Banana Bread,Food,Bakery,2,134,268,5.0,13.4,281.4,175.15,92.85
ORD10273,2025-05-27,Chicken Roll,Food,Snacks,2,259,518,5.0,25.9,543.9,331.09,186.91
ORD10493,2025-05-27,Chicken Roll,Food,Snacks,4,157,628,5.0,31.4,659.4,417.14,210.86
ORD10244,2025-05-27,Muffin,Food,Bakery,1,191,191,5.0,9.55,200.55,136.23,54.77
ORD10671,2025-05-27,Cold Brew,Beverages,Cold Drinks,4,216,864,18.0,155.52,1019.52,765.78,98.22
ORD10325,2025-05-27,Croissant,Food,Bakery,2,217,434,5.0,21.7,455.7,277.63,156.37
ORD10245,2025-05-28,Sandwich,Food,Snacks,3,200,600,5.0,30.0,630.0,429.45,170.55
ORD10241,2025-05-28,Muffin,Food,Bakery,3,229,687,5.0,34.35,721.35,468.3,218.7
ORD10646,2025-05-28,Muffin,Food,Bakery,3,212,636,5.0,31.8,667.8,423.77,212.23
ORD10663,2025-05-29,Latte,Beverages,Coffee,2,341,682,18.0,122.76,804.76,440.0,242.0
ORD10401,2025-05-30,Croissant,Food,Bakery,1,125,125,5.0,6.25,131.25,84.7,40.3
ORD10944,2025-05-30,Muffin,Food,Bakery,1,252,252,5.0,12.6,264.6,173.55,78.45
ORD10017,2025-05-30,Muffin,Food,Bakery,1,231,231,5.0,11.55,242.55,162.92,68.08
ORD10255,2025-05-31,Cold Brew,Beverages,Cold Drinks,1,250,250,18.0,45.0,295.0,203.94,46.06
ORD10365,2025-05-31,Latte,Beverages,Coffee,2,207,414,18.0,74.52,488.52,240.81,173.19
ORD10549,2025-05-31,Banana Bread,Food,Bakery,4,250,1000,5.0,50.0,1050.0,641.09,358.91
ORD10825,2025-05-31,Black Tea,Beverages,Tea,2,230,460,18.0,82.8,542.8,263.73,196.27
ORD10583,2025-05-31,Black Tea,Beverages,Tea,4,278,1112,18.0,200.16,1312.16,642.28,469.72
ORD10548,2025-06-01,Muffin,Food,Bakery,3,279,837,5.0,41.85,878.85,599.14,237.86
ORD10190,2025-06-01,Iced Latte,Beverages,Cold Drinks,2,297,594,18.0,106.92,700.92,524.81,69.19
ORD10505,2025-06-01,Espresso,Beverages,Coffee,1,239,239,18.0,43.02,282.02,153.3,85.7
ORD10015,2025-06-01,Cold Brew,Beverages,Cold Drinks,1,332,332,18.0,59.76,391.76,298.05,33.95
ORD10955,2025-06-01,Sandwich,Food,Snacks,2,103,206,5.0,10.3,216.3,148.08,57.92
ORD10277,2025-06-01,Green Tea,Beverages,Tea,3,285,855,18.0,153.9,1008.9,453.26,401.74
ORD10290,2025-06-02,Veg Puff,Food,Snacks,3,111,333,5.0,16.65,349.65,225.79,107.21
ORD10396,2025-06-02,Sandwich,Food,Snacks,4,183,732,5.0,36.6,768.6,446.85,285.15
ORD10767,2025-06-03,Black Tea,Beverages,Tea,2,283,566,18.0,101.88,667.88,290.83,275.17
ORD10891,2025-06-03,Chicken Roll,Food,Snacks,2,258,516,5.0,25.8,541.8,364.21,151.79
ORD10464,2025-06-03,Masala Chai,Beverages,Tea,2,173,346,18.0,62.28,408.28,182.07,163.93
ORD10367,2025-06-04,Veg Puff,Food,Snacks,2,175,350,5.0,17.5,367.5,226.64,123.36
ORD10836,2025-06-04,Frappuccino,Beverages,Cold Drinks,2,288,576,18.0,103.68,679.68,463.18,112.82
ORD10687,2025-06-05,Green Tea,Beverages,Tea,2,281,562,18.0,101.16,663.16,307.55,254.45
ORD10092,2025-06-06,Masala Chai,Beverages,Tea,4,263,1052,18.0,189.36,1241.36,675.03,376.97
ORD10310,2025-06-07,Cold Brew,Beverages,Cold Drinks,2,305,610,18.0,109.8,719.8,514.29,95.71
ORD10430,2025-06-07,Chicken Roll,Food,Snacks,2,271,542,5.0,27.1,569.1,348.81,193.19
ORD10333,2025-06-07,Veg Puff,Food,Snacks,4,155,620,5.0,31.0,651.0,436.3,183.7
ORD10659,2025-06-09,Veg Puff,Food,Snacks,3,213,639,5.0,31.95,670.95,458.82,180.18
ORD10192,2025-06-09,Muffin,Food,Bakery,4,112,448,5.0,22.4,470.4,309.01,138.99
ORD10269,2025-06-09,Croissant,Food,Bakery,4,278,1112,5.0,55.6,1167.6,686.67,425.33
ORD10838,2025-06-09,Sandwich,Food,Snacks,4,253,1012,5.0,50.6,1062.6,618.58,393.42
ORD10503,2025-06-09,Chicken Roll,Food,Snacks,1,141,141,5.0,7.05,148.05,100.78,40.22
ORD10153,2025-06-09,Banana Bread,Food,Bakery,3,215,645,5.0,32.25,677.25,422.23,222.77
ORD10219,2025-06-09,Sandwich,Food,Snacks,2,112,224,5.0,11.2,235.2,143.17,80.83
ORD10349,2025-06-10,Veg Puff,Food,Snacks,3,104,312,5.0,15.6,327.6,193.83,118.17
ORD10298,2025-06-10,Croissant,Food,Bakery,2,255,510,5.0,25.5,535.5,330.68,179.32
ORD10280,2025-06-10,Frappuccino,Beverages,Cold Drinks,3,223,669,18.0,120.42,789.42,545.17,123.83
ORD10024,2025-06-10,Masala Chai,Beverages,Tea,3,223,669,18.0,120.42,789.42,388.97,280.03
ORD10769,2025-06-11,Veg Puff,Food,Snacks,2,175,350,5.0,17.5,367.5,223.49,126.51
ORD10072,2025-06-11,Iced Latte,Beverages,Cold Drinks,4,120,480,18.0,86.4,566.4,387.86,92.14
ORD10295,2025-06-12,Iced Latte,Beverages,Cold Drinks,2,163,326,18.0,58.68,384.68,261.62,64.38
ORD10594,2025-06-12,Banana Bread,Food,Bakery,1,206,206,5.0,10.3,216.3,138.08,67.92
ORD10507,2025-06-12,Veg Puff,Food,Snacks,2,196,392,5.0,19.6,411.6,278.96,113.04
ORD10105,2025-06-12,Veg Puff,Food,Snacks,4,227,908,5.0,45.4,953.4,591.13,316.87
ORD10540,2025-06-13,Black Tea,Beverages,Tea,4,241,964,18.0,173.52,1137.52,527.83,436.17
ORD10691,2025-06-13,Green Tea,Beverages,Tea,3,310,930,18.0,167.4,1097.4,561.83,368.17
ORD10669,2025-06-13,Masala Chai,Beverages,Tea,3,342,1026,18.0,184.68,1210.68,537.97,488.03
ORD10750,2025-06-14,Sandwich,Food,Snacks,2,161,322,5.0,16.1,338.1,204.54,117.46
ORD10616,2025-06-14,Chicken Roll,Food,Snacks,2,106,212,5.0,10.6,222.6,150.09,61.91
ORD10185,2025-06-14,Banana Bread,Food,Bakery,1,268,268,5.0,13.4,281.4,191.59,76.41
ORD10800,2025-06-15,Cappuccino,Beverages,Coffee,4,281,1124,18.0,202.32,1326.32,598.74,525.26
ORD10047,2025-06-16,Cold Brew,Beverages,Cold Drinks,1,187,187,18.0,33.66,220.66,170.3,16.7
ORD10633,2025-06-16,Latte,Beverages,Coffee,2,124,248,18.0,44.64,292.64,148.71,99.29
ORD10609,2025-06-17,Cappuccino,Beverages,Coffee,3,254,762,18.0,137.16,899.16,412.5,349.5
ORD10514,2025-06-17,Frappuccino,Beverages,Cold Drinks,1,319,319,18.0,57.42,376.42,283.76,35.24
ORD10297,2025-06-18,Muffin,Food,Bakery,1,155,155,5.0,7.75,162.75,102.17,52.83
ORD10407,2025-06-19,Muffin,Food,Bakery,3,245,735,5.0,36.75,771.75,496.02,238.98
ORD10160,2025-06-19,Frappuccino,Beverages,Cold Drinks,2,260,520,18.0,93.6,613.6,448.46,71.54
ORD10845,2025-06-19,Latte,Beverages,Coffee,3,123,369,18.0,66.42,435.42,237.42,131.58
ORD10032,2025-06-19,Sandwich,Food,Snacks,2,222,444,5.0,22.2,466.2,284.63,159.37
ORD10374,2025-06-19,Cold Brew,Beverages,Cold Drinks,4,191,764,18.0,137.52,901.52,688.87,75.13
ORD10610,2025-06-19,Chicken Roll,Food,Snacks,4,113,452,5.0,22.6,474.6,324.08,127.92
ORD10149,2025-06-20,Iced Latte,Beverages,Cold Drinks,2,205,410,18.0,73.8,483.8,343.39,66.61
ORD10189,2025-06-21,Iced Latte,Beverages,Cold Drinks,3,180,540,18.0,97.2,637.2,457.68,82.32
ORD10217,2025-06-21,Masala Chai,Beverages,Tea,2,121,242,18.0,43.56,285.56,148.47,93.53
ORD10121,2025-06-21,Chicken Roll,Food,Snacks,2,221,442,5.0,22.1,464.1,267.69,174.31
ORD10331,2025-06-21,Frappuccino,Beverages,Cold Drinks,1,294,294,18.0,52.92,346.92,254.02,39.98
ORD10658,2025-06-22,Cappuccino,Beverages,Coffee,1,250,250,18.0,45.0,295.0,158.98,91.02
ORD10383,2025-06-22,Green Tea,Beverages,Tea,4,144,576,18.0,103.68,679.68,368.1,207.9
ORD10758,2025-06-22,Veg Puff,Food,Snacks,3,207,621,5.0,31.05,652.05,403.23,217.77
ORD10640,2025-06-22,Muffin,Food,Bakery,1,234,234,5.0,11.7,245.7,145.02,88.98
ORD10979,2025-06-22,Masala Chai,Beverages,Tea,4,214,856,18.0,154.08,1010.08,512.63,343.37
ORD10660,2025-06-22,Veg Puff,Food,Snacks,4,260,1040,5.0,52.0,1092.0,649.21,390.79
ORD10607,2025-06-23,Iced Latte,Beverages,Cold Drinks,2,332,664,18.0,119.52,783.52,553.73,110.27
ORD10360,2025-06-23,Americano,Beverages,Coffee,3,196,588,18.0,105.84,693.84,359.13,228.87
ORD10036,2025-06-24,Cold Brew,Beverages,Cold Drinks,3,276,828,18.0,149.04,977.04,703.03,124.97
ORD10307,2025-06-25,Espresso,Beverages,Coffee,4,217,868,18.0,156.24,1024.24,512.93,355.07
ORD10372,2025-06-25,Green Tea,Beverages,Tea,2,325,650,18.0,117.0,767.0,399.04,250.96
ORD10728,2025-06-26,Cold Brew,Beverages,Cold Drinks,1,343,343,18.0,61.74,404.74,275.43,67.57
ORD10737,2025-06-26,Croissant,Food,Bakery,3,261,783,5.0,39.15,822.15,539.67,243.33
ORD10544,2025-06-26,Chicken Roll,Food,Snacks,2,203,406,5.0,20.3,426.3,281.43,124.57
ORD10568,2025-06-26,Muffin,Food,Bakery,3,231,693,5.0,34.65,727.65,453.11,239.89
ORD10506,2025-06-27,Chicken Roll,Food,Snacks,4,229,916,5.0,45.8,961.8,558.0,358.0
ORD10696,2025-06-27,Cold Brew,Beverages,Cold Drinks,4,218,872,18.0,156.96,1028.96,767.18,104.82
ORD10138,2025-06-28,Muffin,Food,Bakery,4,200,800,5.0,40.0,840.0,557.51,242.49
ORD10509,2025-06-28,Americano,Beverages,Coffee,4,153,612,18.0,110.16,722.16,388.17,223.83
ORD10880,2025-06-29,Green Tea,Beverages,Tea,1,277,277,18.0,49.86,326.86,139.9,137.1
ORD10490,2025-06-29,Croissant,Food,Bakery,1,185,185,5.0,9.25,194.25,111.24,73.76
ORD10936,2025-06-29,Sandwich,Food,Snacks,3,128,384,5.0,19.2,403.2,270.84,113.16
ORD10195,2025-06-29,Masala Chai,Beverages,Tea,3,303,909,18.0,163.62,1072.62,491.72,417.28
ORD10406,2025-06-29,Croissant,Food,Bakery,3,159,477,5.0,23.85,500.85,324.41,152.59
ORD10342,2025-06-30,Latte,Beverages,Coffee,1,169,169,18.0,30.42,199.42,106.5,62.5
ORD10588,2025-06-30,Chicken Roll,Food,Snacks,1,217,217,5.0,10.85,227.85,134.72,82.28
ORD10632,2025-07-01,Chicken Roll,Food,Snacks,1,197,197,5.0,9.85,206.85,128.33,68.67
ORD10554,2025-07-02,Banana Bread,Food,Bakery,4,124,496,5.0,24.8,520.8,323.42,172.58
ORD10826,2025-07-02,Veg Puff,Food,Snacks,1,278,278,5.0,13.9,291.9,199.95,78.05
ORD10831,2025-07-03,Banana Bread,Food,Bakery,3,246,738,5.0,36.9,774.9,528.17,209.83
ORD10224,2025-07-03,Masala Chai,Beverages,Tea,4,182,728,18.0,131.04,859.04,433.08,294.92
ORD10810,2025-07-03,Masala Chai,Beverages,Tea,2,156,312,18.0,56.16,368.16,173.54,138.46
ORD10467,2025-07-04,Frappuccino,Beverages,Cold Drinks,1,255,255,18.0,45.9,300.9,204.79,50.21
ORD10694,2025-07-05,Croissant,Food,Bakery,4,145,580,5.0,29.0,609.0,413.31,166.69
ORD10397,2025-07-05,Muffin,Food,Bakery,1,153,153,5.0,7.65,160.65,98.66,54.34
ORD10590,2025-07-05,Muffin,Food,Bakery,2,242,484,5.0,24.2,508.2,347.96,136.04
ORD10155,2025-07-06,Frappuccino,Beverages,Cold Drinks,3,133,399,18.0,71.82,470.82,336.66,62.34
ORD10566,2025-07-06,Chicken Roll,Food,Snacks,4,220,880,5.0,44.0,924.0,562.52,317.48
ORD10205,2025-07-06,Green Tea,Beverages,Tea,4,186,744,18.0,133.92,877.92,445.89,298.11
ORD10237,2025-07-06,Green Tea,Beverages,Tea,2,345,690,18.0,124.2,814.2,393.49,296.51
ORD10893,2025-07-06,Croissant,Food,Bakery,3,148,444,5.0,22.2,466.2,271.87,172.13
ORD10345,2025-07-07,Muffin,Food,Bakery,1,225,225,5.0,11.25,236.25,138.88,86.12
ORD10090,2025-07-07,Cappuccino,Beverages,Coffee,4,154,616,18.0,110.88,726.88,399.36,216.64
ORD10033,2025-07-07,Sandwich,Food,Snacks,1,137,137,5.0,6.85,143.85,84.02,52.98
ORD10457,2025-07-08,Banana Bread,Food,Bakery,3,179,537,5.0,26.85,563.85,341.83,195.17
ORD10006,2025-07-08,Black Tea,Beverages,Tea,3,322,966,18.0,173.88,1139.88,551.33,414.67
ORD10550,2025-07-09,Frappuccino,Beverages,Cold Drinks,3,141,423,18.0,76.14,499.14,376.89,46.11
ORD10080,2025-07-09,Espresso,Beverages,Coffee,4,182,728,18.0,131.04,859.04,383.87,344.13
ORD10399,2025-07-09,Cold Brew,Beverages,Cold Drinks,3,260,780,18.0,140.4,920.4,683.72,96.28
ORD10651,2025-07-09,Muffin,Food,Bakery,3,150,450,5.0,22.5,472.5,281.0,169.0
ORD10174,2025-07-09,Sandwich,Food,Snacks,1,275,275,5.0,13.75,288.75,195.04,79.96
ORD10035,2025-07-09,Cold Brew,Beverages,Cold Drinks,1,134,134,18.0,24.12,158.12,115.88,18.12
ORD10069,2025-07-10,Sandwich,Food,Snacks,1,183,183,5.0,9.15,192.15,113.06,69.94
ORD10347,2025-07-10,Croissant,Food,Bakery,2,107,214,5.0,10.7,224.7,133.24,80.76
ORD10652,2025-07-10,Sandwich,Food,Snacks,4,173,692,5.0,34.6,726.6,439.04,252.96
ORD10905,2025-07-11,Masala Chai,Beverages,Tea,1,337,337,18.0,60.66,397.66,188.1,148.9
ORD10022,2025-07-11,Frappuccino,Beverages,Cold Drinks,1,272,272,18.0,48.96,320.96,246.96,25.04
ORD10542,2025-07-11,Chicken Roll,Food,Snacks,2,274,548,5.0,27.4,575.4,370.63,177.37
ORD10458,2025-07-11,Green Tea,Beverages,Tea,3,192,576,18.0,103.68,679.68,322.82,253.18
ORD10702,2025-07-11,Cold Brew,Beverages,Cold Drinks,3,197,591,18.0,106.38,697.38,502.77,88.23
ORD10328,2025-07-11,Americano,Beverages,Coffee,3,127,381,18.0,68.58,449.58,244.71,136.29
ORD10788,2025-07-11,Latte,Beverages,Coffee,4,275,1100,18.0,198.0,1298.0,701.24,398.76
ORD10293,2025-07-13,Frappuccino,Beverages,Cold Drinks,4,292,1168,18.0,210.24,1378.24,1056.6,111.4
ORD10975,2025-07-13,Banana Bread,Food,Bakery,2,102,204,5.0,10.2,214.2,143.55,60.45
ORD10613,2025-07-13,Espresso,Beverages,Coffee,4,347,1388,18.0,249.84,1637.84,703.68,684.32
ORD10833,2025-07-14,Latte,Beverages,Coffee,3,292,876,18.0,157.68,1033.68,552.31,323.69
ORD10835,2025-07-14,Banana Bread,Food,Bakery,1,104,104,5.0,5.2,109.2,70.9,33.1
ORD10304,2025-07-14,Chicken Roll,Food,Snacks,4,225,900,5.0,45.0,945.0,594.52,305.48
ORD10418,2025-07-15,Banana Bread,Food,Bakery,4,123,492,5.0,24.6,516.6,343.54,148.46
ORD10533,2025-07-15,Latte,Beverages,Coffee,4,151,604,18.0,108.72,712.72,316.19,287.81
ORD10743,2025-07-16,Green Tea,Beverages,Tea,1,228,228,18.0,41.04,269.04,135.29,92.71
ORD10713,2025-07-16,Muffin,Food,Bakery,4,108,432,5.0,21.6,453.6,288.6,143.4
ORD10231,2025-07-17,Cappuccino,Beverages,Coffee,4,133,532,18.0,95.76,627.76,319.95,212.05
ORD10220,2025-07-17,Veg Puff,Food,Snacks,4,116,464,5.0,23.2,487.2,292.87,171.13
ORD10946,2025-07-17,Cold Brew,Beverages,Cold Drinks,4,131,524,18.0,94.32,618.32,454.92,69.08
ORD10182,2025-07-17,Latte,Beverages,Coffee,1,267,267,18.0,48.06,315.06,159.52,107.48
ORD10247,2025-07-18,Americano,Beverages,Coffee,2,120,240,18.0,43.2,283.2,152.19,87.81
ORD10112,2025-07-20,Black Tea,Beverages,Tea,2,204,408,18.0,73.44,481.44,239.28,168.72
ORD10704,2025-07-20,Chicken Roll,Food,Snacks,2,253,506,5.0,25.3,531.3,320.6,185.4
ORD10235,2025-07-20,Masala Chai,Beverages,Tea,3,230,690,18.0,124.2,814.2,429.74,260.26
ORD10073,2025-07-21,Latte,Beverages,Coffee,3,334,1002,18.0,180.36,1182.36,532.55,469.45
ORD10751,2025-07-21,Americano,Beverages,Coffee,1,245,245,18.0,44.1,289.1,137.09,107.91
ORD10635,2025-07-21,Latte,Beverages,Coffee,4,263,1052,18.0,189.36,1241.36,598.61,453.39
ORD10908,2025-07-21,Chicken Roll,Food,Snacks,1,112,112,5.0,5.6,117.6,80.18,31.82
ORD10223,2025-07-22,Chicken Roll,Food,Snacks,1,173,173,5.0,8.65,181.65,123.79,49.21
ORD10977,2025-07-22,Veg Puff,Food,Snacks,1,207,207,5.0,10.35,217.35,127.6,79.4
ORD10666,2025-07-22,Frappuccino,Beverages,Cold Drinks,3,248,744,18.0,133.92,877.92,638.53,105.47
ORD10474,2025-07-23,Sandwich,Food,Snacks,3,159,477,5.0,23.85,500.85,294.9,182.1
ORD10759,2025-07-24,Cappuccino,Beverages,Coffee,1,319,319,18.0,57.42,376.42,193.67,125.33
ORD10818,2025-07-24,Croissant,Food,Bakery,3,152,456,5.0,22.8,478.8,319.49,136.51
ORD10574,2025-07-25,Veg Puff,Food,Snacks,3,116,348,5.0,17.4,365.4,245.31,102.69
ORD10060,2025-07-25,Cold Brew,Beverages,Cold Drinks,2,194,388,18.0,69.84,457.84,326.53,61.47
ORD10881,2025-07-26,Veg Puff,Food,Snacks,1,246,246,5.0,12.3,258.3,159.88,86.12
ORD10782,2025-07-26,Black Tea,Beverages,Tea,3,272,816,18.0,146.88,962.88,507.97,308.03
ORD10134,2025-07-26,Frappuccino,Beverages,Cold Drinks,3,180,540,18.0,97.2,637.2,470.77,69.23
ORD10296,2025-07-27,Cappuccino,Beverages,Coffee,2,330,660,18.0,118.8,778.8,362.9,297.1
ORD10083,2025-07-27,Chicken Roll,Food,Snacks,2,209,418,5.0,20.9,438.9,271.3,146.7
ORD10275,2025-07-27,Muffin,Food,Bakery,1,257,257,5.0,12.85,269.85,179.63,77.37
ORD10705,2025-07-31,Green Tea,Beverages,Tea,1,295,295,18.0,53.1,348.1,160.43,134.57
ORD10918,2025-07-31,Sandwich,Food,Snacks,4,240,960,5.0,48.0,1008.0,673.96,286.04
ORD10986,2025-07-31,Frappuccino,Beverages,Cold Drinks,4,123,492,18.0,88.56,580.56,440.39,51.61
ORD10665,2025-08-01,Croissant,Food,Bakery,2,238,476,5.0,23.8,499.8,303.86,172.14
ORD10082,2025-08-01,Sandwich,Food,Snacks,2,131,262,5.0,13.1,275.1,165.71,96.29
ORD10123,2025-08-02,Cold Brew,Beverages,Cold Drinks,4,300,1200,18.0,216.0,1416.0,1071.02,128.98
ORD10885,2025-08-02,Veg Puff,Food,Snacks,4,153,612,5.0,30.6,642.6,413.99,198.01
ORD10864,2025-08-02,Latte,Beverages,Coffee,2,154,308,18.0,55.44,363.44,158.82,149.18
ORD10525,2025-08-03,Latte,Beverages,Coffee,1,223,223,18.0,40.14,263.14,144.15,78.85
ORD10078,2025-08-03,Latte,Beverages,Coffee,2,313,626,18.0,112.68,738.68,354.39,271.61
ORD10010,2025-08-03,Croissant,Food,Bakery,2,236,472,5.0,23.6,495.6,293.47,178.53
ORD10393,2025-08-03,Croissant,Food,Bakery,1,138,138,5.0,6.9,144.9,85.86,52.14
ORD10595,2025-08-03,Cold Brew,Beverages,Cold Drinks,1,237,237,18.0,42.66,279.66,209.44,27.56
ORD10889,2025-08-04,Americano,Beverages,Coffee,1,123,123,18.0,22.14,145.14,78.41,44.59
ORD10118,2025-08-04,Croissant,Food,Bakery,1,111,111,5.0,5.55,116.55,75.46,35.54
ORD10624,2025-08-05,Sandwich,Food,Snacks,4,184,736,5.0,36.8,772.8,527.04,208.96
ORD10733,2025-08-05,Frappuccino,Beverages,Cold Drinks,3,140,420,18.0,75.6,495.6,358.44,61.56
ORD10088,2025-08-05,Frappuccino,Beverages,Cold Drinks,3,348,1044,18.0,187.92,1231.92,946.38,97.62
ORD10557,2025-08-05,Cappuccino,Beverages,Coffee,1,122,122,18.0,21.96,143.96,66.09,55.91
ORD10564,2025-08-05,Iced Latte,Beverages,Cold Drinks,2,177,354,18.0,63.72,417.72,318.57,35.43
ORD10537,2025-08-05,Banana Bread,Food,Bakery,2,213,426,5.0,21.3,447.3,269.6,156.4
ORD10475,2025-08-06,Sandwich,Food,Snacks,3,104,312,5.0,15.6,327.6,194.38,117.62
ORD10218,2025-08-06,Croissant,Food,Bakery,3,111,333,5.0,16.65,349.65,207.52,125.48
ORD10130,2025-08-06,Cappuccino,Beverages,Coffee,3,267,801,18.0,144.18,945.18,472.0,329.0
ORD10070,2025-08-06,Muffin,Food,Bakery,2,217,434,5.0,21.7,455.7,264.85,169.15
ORD10857,2025-08-06,Masala Chai,Beverages,Tea,3,282,846,18.0,152.28,998.28,448.46,397.54
ORD10643,2025-08-08,Croissant,Food,Bakery,2,178,356,5.0,17.8,373.8,220.5,135.5
ORD10698,2025-08-08,Muffin,Food,Bakery,3,250,750,5.0,37.5,787.5,459.99,290.01
ORD10332,2025-08-08,Iced Latte,Beverages,Cold Drinks,1,168,168,18.0,30.24,198.24,148.62,19.38
ORD10209,2025-08-08,Chicken Roll,Food,Snacks,3,158,474,5.0,23.7,497.7,293.52,180.48
ORD10967,2025-08-08,Black Tea,Beverages,Tea,2,293,586,18.0,105.48,691.48,353.66,232.34
ORD10706,2025-08-08,Sandwich,Food,Snacks,3,278,834,5.0,41.7,875.7,575.86,258.14
ORD10469,2025-08-08,Iced Latte,Beverages,Cold Drinks,4,307,1228,18.0,221.04,1449.04,1124.72,103.28
ORD10596,2025-08-09,Muffin,Food,Bakery,3,208,624,5.0,31.2,655.2,444.84,179.16
ORD10776,2025-08-10,Iced Latte,Beverages,Cold Drinks,1,121,121,18.0,21.78,142.78,97.76,23.24
ORD10481,2025-08-10,Masala Chai,Beverages,Tea,4,126,504,18.0,90.72,594.72,304.29,199.71
ORD10145,2025-08-10,Chicken Roll,Food,Snacks,4,188,752,5.0,37.6,789.6,471.16,280.84
ORD10575,2025-08-11,Banana Bread,Food,Bakery,3,113,339,5.0,16.95,355.95,206.04,132.96
ORD10355,2025-08-11,Croissant,Food,Bakery,3,100,300,5.0,15.0,315.0,213.87,86.13
ORD10964,2025-08-11,Cold Brew,Beverages,Cold Drinks,3,275,825,18.0,148.5,973.5,685.73,139.27
ORD10591,2025-08-11,Black Tea,Beverages,Tea,3,243,729,18.0,131.22,860.22,445.42,283.58
ORD10491,2025-08-11,Black Tea,Beverages,Tea,2,249,498,18.0,89.64,587.64,284.96,213.04
ORD10726,2025-08-12,Americano,Beverages,Coffee,1,320,320,18.0,57.6,377.6,161.57,158.43
ORD10212,2025-08-12,Croissant,Food,Bakery,4,265,1060,5.0,53.0,1113.0,656.17,403.83
ORD10551,2025-08-12,Veg Puff,Food,Snacks,4,196,784,5.0,39.2,823.2,527.97,256.03
ORD10684,2025-08-12,Cappuccino,Beverages,Coffee,1,136,136,18.0,24.48,160.48,84.45,51.55
ORD10987,2025-08-13,Muffin,Food,Bakery,1,158,158,5.0,7.9,165.9,112.69,45.31
ORD10186,2025-08-13,Masala Chai,Beverages,Tea,2,239,478,18.0,86.04,564.04,296.42,181.58
ORD10175,2025-08-13,Croissant,Food,Bakery,3,172,516,5.0,25.8,541.8,333.4,182.6
ORD10213,2025-08-13,Latte,Beverages,Coffee,2,164,328,18.0,59.04,387.04,186.9,141.1
ORD10939,2025-08-14,Chicken Roll,Food,Snacks,3,115,345,5.0,17.25,362.25,216.1,128.9
ORD10790,2025-08-14,Iced Latte,Beverages,Cold Drinks,4,167,668,18.0,120.24,788.24,564.15,103.85
ORD10318,2025-08-14,Cappuccino,Beverages,Coffee,3,244,732,18.0,131.76,863.76,431.1,300.9
ORD10903,2025-08-15,Green Tea,Beverages,Tea,4,231,924,18.0,166.32,1090.32,595.62,328.38
ORD10670,2025-08-15,Veg Puff,Food,Snacks,1,126,126,5.0,6.3,132.3,84.06,41.94
ORD10125,2025-08-15,Sandwich,Food,Snacks,4,110,440,5.0,22.0,462.0,312.34,127.66
ORD10287,2025-08-15,Veg Puff,Food,Snacks,2,231,462,5.0,23.1,485.1,322.51,139.49
ORD10543,2025-08-15,Americano,Beverages,Coffee,2,268,536,18.0,96.48,632.48,335.7,200.3
ORD10701,2025-08-16,Croissant,Food,Bakery,3,134,402,5.0,20.1,422.1,288.32,113.68
ORD10926,2025-08-16,Chicken Roll,Food,Snacks,2,153,306,5.0,15.3,321.3,204.87,101.13
ORD10962,2025-08-17,Chicken Roll,Food,Snacks,1,110,110,5.0,5.5,115.5,76.71,33.29
ORD10439,2025-08-17,Croissant,Food,Bakery,1,129,129,5.0,6.45,135.45,79.25,49.75
ORD10942,2025-08-17,Cold Brew,Beverages,Cold Drinks,1,341,341,18.0,61.38,402.38,277.72,63.28
ORD10668,2025-08-17,Veg Puff,Food,Snacks,4,103,412,5.0,20.6,432.6,290.8,121.2
ORD10783,2025-08-17,Muffin,Food,Bakery,4,137,548,5.0,27.4,575.4,354.27,193.73
ORD10312,2025-08-18,Masala Chai,Beverages,Tea,3,140,420,18.0,75.6,495.6,224.85,195.15
ORD10605,2025-08-18,Chicken Roll,Food,Snacks,4,207,828,5.0,41.4,869.4,536.43,291.57
ORD10173,2025-08-19,Espresso,Beverages,Coffee,2,265,530,18.0,95.4,625.4,311.83,218.17
ORD10141,2025-08-19,Chicken Roll,Food,Snacks,2,111,222,5.0,11.1,233.1,158.73,63.27
ORD10108,2025-08-19,Cold Brew,Beverages,Cold Drinks,1,222,222,18.0,39.96,261.96,181.31,40.69
ORD10146,2025-08-19,Espresso,Beverages,Coffee,1,273,273,18.0,49.14,322.14,175.16,97.84
ORD10911,2025-08-19,Latte,Beverages,Coffee,4,140,560,18.0,100.8,660.8,345.67,214.33
ORD10337,2025-08-21,Frappuccino,Beverages,Cold Drinks,3,120,360,18.0,64.8,424.8,297.71,62.29
ORD10271,2025-08-21,Banana Bread,Food,Bakery,2,179,358,5.0,17.9,375.9,241.36,116.64
ORD10674,2025-08-21,Veg Puff,Food,Snacks,4,108,432,5.0,21.6,453.6,306.8,125.2
ORD10851,2025-08-21,Masala Chai,Beverages,Tea,3,308,924,18.0,166.32,1090.32,563.74,360.26
ORD10179,2025-08-21,Muffin,Food,Bakery,2,162,324,5.0,16.2,340.2,217.76,106.24
ORD10570,2025-08-21,Croissant,Food,Bakery,1,253,253,5.0,12.65,265.65,171.93,81.07
ORD10194,2025-08-21,Banana Bread,Food,Bakery,2,200,400,5.0,20.0,420.0,261.96,138.04
ORD10922,2025-08-21,Croissant,Food,Bakery,1,272,272,5.0,13.6,285.6,172.84,99.16
ORD10188,2025-08-22,Sandwich,Food,Snacks,3,108,324,5.0,16.2,340.2,217.62,106.38
ORD10597,2025-08-23,Frappuccino,Beverages,Cold Drinks,3,289,867,18.0,156.06,1023.06,738.3,128.7
ORD10820,2025-08-23,Frappuccino,Beverages,Cold Drinks,3,228,684,18.0,123.12,807.12,561.74,122.26
ORD10931,2025-08-24,Muffin,Food,Bakery,1,112,112,5.0,5.6,117.6,79.44,32.56
ORD10775,2025-08-24,Iced Latte,Beverages,Cold Drinks,2,203,406,18.0,73.08,479.08,330.67,75.33
ORD10028,2025-08-24,Americano,Beverages,Coffee,3,341,1023,18.0,184.14,1207.14,599.45,423.55
ORD10455,2025-08-25,Veg Puff,Food,Snacks,3,272,816,5.0,40.8,856.8,555.63,260.37
ORD10084,2025-08-25,Chicken Roll,Food,Snacks,3,186,558,5.0,27.9,585.9,345.26,212.74
ORD10147,2025-08-25,Sandwich,Food,Snacks,4,146,584,5.0,29.2,613.2,399.85,184.15
ORD10898,2025-08-26,Iced Latte,Beverages,Cold Drinks,4,276,1104,18.0,198.72,1302.72,896.7,207.3
ORD10473,2025-08-26,Cold Brew,Beverages,Cold Drinks,3,212,636,18.0,114.48,750.48,556.09,79.91
ORD10309,2025-08-26,Black Tea,Beverages,Tea,2,158,316,18.0,56.88,372.88,205.03,110.97
ORD10600,2025-08-27,Cold Brew,Beverages,Cold Drinks,1,311,311,18.0,55.98,366.98,275.15,35.85
ORD10900,2025-08-27,Muffin,Food,Bakery,2,254,508,5.0,25.4,533.4,323.9,184.1
ORD10865,2025-08-27,Cappuccino,Beverages,Coffee,1,142,142,18.0,25.56,167.56,86.4,55.6
ORD10727,2025-08-27,Masala Chai,Beverages,Tea,1,154,154,18.0,27.72,181.72,78.49,75.51
ORD10448,2025-08-27,Veg Puff,Food,Snacks,2,184,368,5.0,18.4,386.4,262.18,105.82
ORD10232,2025-08-28,Green Tea,Beverages,Tea,4,323,1292,18.0,232.56,1524.56,771.5,520.5
ORD10707,2025-08-28,Iced Latte,Beverages,Cold Drinks,4,320,1280,18.0,230.4,1510.4,1026.77,253.23
ORD10822,2025-08-28,Croissant,Food,Bakery,4,120,480,5.0,24.0,504.0,335.85,144.15
ORD10142,2025-08-29,Chicken Roll,Food,Snacks,4,182,728,5.0,36.4,764.4,492.62,235.38
ORD10718,2025-08-30,Black Tea,Beverages,Tea,1,224,224,18.0,40.32,264.32,131.93,92.07
ORD10523,2025-08-30,Black Tea,Beverages,Tea,3,157,471,18.0,84.78,555.78,241.31,229.69
ORD10052,2025-08-30,Green Tea,Beverages,Tea,2,120,240,18.0,43.2,283.2,128.49,111.51
ORD10642,2025-08-30,Latte,Beverages,Coffee,3,333,999,18.0,179.82,1178.82,530.2,468.8
ORD10156,2025-08-31,Cold Brew,Beverages,Cold Drinks,4,227,908,18.0,163.44,1071.44,778.82,129.18
ORD10959,2025-08-31,Banana Bread,Food,Bakery,2,158,316,5.0,15.8,331.8,197.03,118.97
ORD10040,2025-09-01,Frappuccino,Beverages,Cold Drinks,3,267,801,18.0,144.18,945.18,732.99,68.01
ORD10371,2025-09-03,Sandwich,Food,Snacks,3,110,330,5.0,16.5,346.5,204.67,125.33
ORD10486,2025-09-03,Sandwich,Food,Snacks,3,277,831,5.0,41.55,872.55,577.59,253.41
ORD10221,2025-09-04,Banana Bread,Food,Bakery,1,187,187,5.0,9.35,196.35,129.7,57.3
ORD10501,2025-09-04,Sandwich,Food,Snacks,4,181,724,5.0,36.2,760.2,504.83,219.17
ORD10375,2025-09-04,Croissant,Food,Bakery,1,255,255,5.0,12.75,267.75,177.9,77.1
ORD10803,2025-09-04,Cold Brew,Beverages,Cold Drinks,2,188,376,18.0,67.68,443.68,302.04,73.96
ORD10462,2025-09-04,Sandwich,Food,Snacks,1,153,153,5.0,7.65,160.65,108.74,44.26
ORD10958,2025-09-04,Black Tea,Beverages,Tea,2,147,294,18.0,52.92,346.92,163.13,130.87
ORD10539,2025-09-06,Masala Chai,Beverages,Tea,4,232,928,18.0,167.04,1095.04,602.14,325.86
ORD10824,2025-09-06,Banana Bread,Food,Bakery,1,123,123,5.0,6.15,129.15,80.35,42.65
ORD10799,2025-09-06,Espresso,Beverages,Coffee,4,157,628,18.0,113.04,741.04,371.06,256.94
ORD10861,2025-09-06,Latte,Beverages,Coffee,1,262,262,18.0,47.16,309.16,131.22,130.78
ORD10768,2025-09-07,Espresso,Beverages,Coffee,4,275,1100,18.0,198.0,1298.0,673.94,426.06
ORD10484,2025-09-07,Veg Puff,Food,Snacks,4,223,892,5.0,44.6,936.6,553.8,338.2
ORD10492,2025-09-07,Croissant,Food,Bakery,1,178,178,5.0,8.9,186.9,123.04,54.96
ORD10719,2025-09-08,Masala Chai,Beverages,Tea,4,288,1152,18.0,207.36,1359.36,608.03,543.97
ORD10777,2025-09-08,Chicken Roll,Food,Snacks,2,243,486,5.0,24.3,510.3,299.89,186.11
ORD10079,2025-09-09,Chicken Roll,Food,Snacks,2,213,426,5.0,21.3,447.3,284.21,141.79
ORD10089,2025-09-09,Masala Chai,Beverages,Tea,3,211,633,18.0,113.94,746.94,384.94,248.06
ORD10629,2025-09-09,Masala Chai,Beverages,Tea,4,217,868,18.0,156.24,1024.24,528.11,339.89
ORD10667,2025-09-09,Black Tea,Beverages,Tea,2,140,280,18.0,50.4,330.4,166.66,113.34
ORD10259,2025-09-09,Croissant,Food,Bakery,2,116,232,5.0,11.6,243.6,158.29,73.71
ORD10242,2025-09-09,Banana Bread,Food,Bakery,3,121,363,5.0,18.15,381.15,229.7,133.3
ORD10789,2025-09-09,Cold Brew,Beverages,Cold Drinks,3,182,546,18.0,98.28,644.28,457.69,88.31
ORD10604,2025-09-10,Green Tea,Beverages,Tea,2,160,320,18.0,57.6,377.6,170.81,149.19
ORD10027,2025-09-10,Croissant,Food,Bakery,3,114,342,5.0,17.1,359.1,230.65,111.35
ORD10879,2025-09-10,Croissant,Food,Bakery,1,138,138,5.0,6.9,144.9,91.89,46.11
ORD10522,2025-09-10,Latte,Beverages,Coffee,4,215,860,18.0,154.8,1014.8,464.19,395.81
ORD10710,2025-09-10,Iced Latte,Beverages,Cold Drinks,3,138,414,18.0,74.52,488.52,353.55,60.45
ORD10348,2025-09-10,Chicken Roll,Food,Snacks,1,107,107,5.0,5.35,112.35,69.9,37.1
ORD10286,2025-09-11,Latte,Beverages,Coffee,3,246,738,18.0,132.84,870.84,442.15,295.85
ORD10266,2025-09-11,Chicken Roll,Food,Snacks,2,194,388,5.0,19.4,407.4,246.38,141.62
ORD10480,2025-09-11,Muffin,Food,Bakery,2,255,510,5.0,25.5,535.5,322.24,187.76
ORD10226,2025-09-12,Veg Puff,Food,Snacks,4,247,988,5.0,49.4,1037.4,684.19,303.81
ORD10131,2025-09-12,Sandwich,Food,Snacks,2,180,360,5.0,18.0,378.0,257.27,102.73
ORD10780,2025-09-12,Banana Bread,Food,Bakery,3,144,432,5.0,21.6,453.6,261.47,170.53
ORD10350,2025-09-13,Veg Puff,Food,Snacks,1,133,133,5.0,6.65,139.65,93.18,39.82
ORD10712,2025-09-13,Chicken Roll,Food,Snacks,4,263,1052,5.0,52.6,1104.6,664.44,387.56
ORD10875,2025-09-14,Sandwich,Food,Snacks,3,210,630,5.0,31.5,661.5,395.57,234.43
ORD10128,2025-09-14,Muffin,Food,Bakery,2,251,502,5.0,25.1,527.1,309.33,192.67
ORD10495,2025-09-14,Cappuccino,Beverages,Coffee,1,332,332,18.0,59.76,391.76,205.92,126.08
ORD10502,2025-09-15,Frappuccino,Beverages,Cold Drinks,4,340,1360,18.0,244.8,1604.8,1228.28,131.72
ORD10019,2025-09-15,Cappuccino,Beverages,Coffee,4,158,632,18.0,113.76,745.76,351.73,280.27
ORD10240,2025-09-16,Americano,Beverages,Coffee,3,276,828,18.0,149.04,977.04,441.42,386.58
ORD10180,2025-09-16,Cold Brew,Beverages,Cold Drinks,1,181,181,18.0,32.58,213.58,166.29,14.71
ORD10771,2025-09-16,Masala Chai,Beverages,Tea,1,148,148,18.0,26.64,174.64,88.35,59.65
ORD10680,2025-09-16,Veg Puff,Food,Snacks,1,260,260,5.0,13.0,273.0,169.11,90.89
ORD10747,2025-09-16,Americano,Beverages,Coffee,2,232,464,18.0,83.52,547.52,290.0,174.0
ORD10760,2025-09-17,Chicken Roll,Food,Snacks,1,111,111,5.0,5.55,116.55,70.72,40.28
ORD10067,2025-09-17,Muffin,Food,Bakery,2,249,498,5.0,24.9,522.9,299.58,198.42
ORD10107,2025-09-18,Cappuccino,Beverages,Coffee,2,159,318,18.0,57.24,375.24,189.22,128.78
ORD10419,2025-09-19,Muffin,Food,Bakery,2,167,334,5.0,16.7,350.7,213.92,120.08
ORD10816,2025-09-19,Croissant,Food,Bakery,1,168,168,5.0,8.4,176.4,110.43,57.57
ORD10258,2025-09-20,Americano,Beverages,Coffee,2,272,544,18.0,97.92,641.92,281.57,262.43
ORD10528,2025-09-21,Croissant,Food,Bakery,1,268,268,5.0,13.4,281.4,177.85,90.15
ORD10930,2025-09-21,Chicken Roll,Food,Snacks,1,146,146,5.0,7.3,153.3,99.65,46.35
ORD10315,2025-09-21,Banana Bread,Food,Bakery,2,113,226,5.0,11.3,237.3,149.5,76.5
ORD10058,2025-09-21,Cold Brew,Beverages,Cold Drinks,2,236,472,18.0,84.96,556.96,396.49,75.51
ORD10412,2025-09-21,Muffin,Food,Bakery,3,259,777,5.0,38.85,815.85,487.83,289.17
ORD10386,2025-09-21,Veg Puff,Food,Snacks,4,224,896,5.0,44.8,940.8,565.21,330.79
ORD10572,2025-09-22,Espresso,Beverages,Coffee,2,321,642,18.0,115.56,757.56,337.07,304.93
ORD10053,2025-09-22,Croissant,Food,Bakery,2,189,378,5.0,18.9,396.9,235.25,142.75
ORD10729,2025-09-24,Muffin,Food,Bakery,3,186,558,5.0,27.9,585.9,340.3,217.7
ORD10254,2025-09-24,Banana Bread,Food,Bakery,2,273,546,5.0,27.3,573.3,377.46,168.54
ORD10773,2025-09-25,Chicken Roll,Food,Snacks,2,241,482,5.0,24.1,506.1,297.23,184.77
ORD10114,2025-09-25,Cappuccino,Beverages,Coffee,2,272,544,18.0,97.92,641.92,339.71,204.29
ORD10199,2025-09-25,Chicken Roll,Food,Snacks,3,223,669,5.0,33.45,702.45,401.81,267.19
ORD10511,2025-09-25,Masala Chai,Beverages,Tea,3,307,921,18.0,165.78,1086.78,532.12,388.88
ORD10553,2025-09-25,Muffin,Food,Bakery,3,129,387,5.0,19.35,406.35,259.0,128.0
ORD10427,2025-09-26,Frappuccino,Beverages,Cold Drinks,2,319,638,18.0,114.84,752.84,562.47,75.53
ORD10074,2025-09-27,Banana Bread,Food,Bakery,4,161,644,5.0,32.2,676.2,422.58,221.42
ORD10077,2025-09-28,Frappuccino,Beverages,Cold Drinks,2,120,240,18.0,43.2,283.2,212.56,27.44
ORD10409,2025-09-28,Veg Puff,Food,Snacks,2,207,414,5.0,20.7,434.7,271.89,142.11
ORD10003,2025-09-28,Sandwich,Food,Snacks,2,271,542,5.0,27.1,569.1,346.17,195.83
ORD10034,2025-09-28,Veg Puff,Food,Snacks,4,208,832,5.0,41.6,873.6,559.5,272.5
ORD10685,2025-09-29,Banana Bread,Food,Bakery,3,193,579,5.0,28.95,607.95,365.05,213.95
ORD10456,2025-09-29,Cold Brew,Beverages,Cold Drinks,2,277,554,18.0,99.72,653.72,496.78,57.22
ORD10812,2025-09-30,Veg Puff,Food,Snacks,4,117,468,5.0,23.4,491.4,311.43,156.57
ORD10368,2025-09-30,Latte,Beverages,Coffee,3,268,804,18.0,144.72,948.72,448.86,355.14
ORD10910,2025-09-30,Black Tea,Beverages,Tea,1,294,294,18.0,52.92,346.92,160.14,133.86
ORD10561,2025-09-30,Green Tea,Beverages,Tea,3,338,1014,18.0,182.52,1196.52,611.63,402.37
ORD10048,2025-10-01,Chicken Roll,Food,Snacks,3,171,513,5.0,25.65,538.65,317.19,195.81
ORD10901,2025-10-01,Croissant,Food,Bakery,2,199,398,5.0,19.9,417.9,281.4,116.6
ORD10435,2025-10-02,Espresso,Beverages,Coffee,4,174,696,18.0,125.28,821.28,390.75,305.25
ORD10985,2025-10-02,Americano,Beverages,Coffee,2,237,474,18.0,85.32,559.32,306.76,167.24
ORD10630,2025-10-02,Latte,Beverages,Coffee,3,288,864,18.0,155.52,1019.52,523.74,340.26
ORD10945,2025-10-04,Masala Chai,Beverages,Tea,4,126,504,18.0,90.72,594.72,300.52,203.48
ORD10538,2025-10-04,Veg Puff,Food,Snacks,4,271,1084,5.0,54.2,1138.2,714.93,369.07
ORD10023,2025-10-04,Cold Brew,Beverages,Cold Drinks,2,313,626,18.0,112.68,738.68,505.8,120.2
ORD10301,2025-10-04,Muffin,Food,Bakery,2,148,296,5.0,14.8,310.8,211.73,84.27
ORD10319,2025-10-04,Iced Latte,Beverages,Cold Drinks,4,336,1344,18.0,241.92,1585.92,1170.83,173.17
ORD10842,2025-10-04,Black Tea,Beverages,Tea,4,322,1288,18.0,231.84,1519.84,739.12,548.88
ORD10460,2025-10-05,Americano,Beverages,Coffee,2,329,658,18.0,118.44,776.44,425.29,232.71
ORD10556,2025-10-06,Croissant,Food,Bakery,1,171,171,5.0,8.55,179.55,117.82,53.18
ORD10442,2025-10-06,Frappuccino,Beverages,Cold Drinks,1,184,184,18.0,33.12,217.12,162.03,21.97
ORD10499,2025-10-07,Masala Chai,Beverages,Tea,1,302,302,18.0,54.36,356.36,173.12,128.88
ORD10339,2025-10-07,Frappuccino,Beverages,Cold Drinks,2,298,596,18.0,107.28,703.28,526.02,69.98
ORD10228,2025-10-07,Black Tea,Beverages,Tea,2,131,262,18.0,47.16,309.16,158.85,103.15
ORD10087,2025-10-07,Muffin,Food,Bakery,2,171,342,5.0,17.1,359.1,219.12,122.88
ORD10361,2025-10-07,Black Tea,Beverages,Tea,2,187,374,18.0,67.32,441.32,209.67,164.33
ORD10354,2025-10-08,Muffin,Food,Bakery,2,188,376,5.0,18.8,394.8,267.05,108.95
ORD10832,2025-10-08,Frappuccino,Beverages,Cold Drinks,2,236,472,18.0,84.96,556.96,418.5,53.5
ORD10860,2025-10-09,Muffin,Food,Bakery,1,135,135,5.0,6.75,141.75,91.25,43.75
ORD10937,2025-10-09,Masala Chai,Beverages,Tea,4,241,964,18.0,173.52,1137.52,539.5,424.5
ORD10731,2025-10-09,Americano,Beverages,Coffee,1,134,134,18.0,24.12,158.12,73.85,60.15
ORD10611,2025-10-10,Croissant,Food,Bakery,2,243,486,5.0,24.3,510.3,316.61,169.39
ORD10133,2025-10-10,Chicken Roll,Food,Snacks,1,139,139,5.0,6.95,145.95,90.29,48.71
ORD10176,2025-10-10,Banana Bread,Food,Bakery,4,187,748,5.0,37.4,785.4,468.39,279.61
ORD10736,2025-10-10,Black Tea,Beverages,Tea,1,195,195,18.0,35.1,230.1,125.89,69.11
ORD10316,2025-10-10,Masala Chai,Beverages,Tea,1,156,156,18.0,28.08,184.08,79.62,76.38
ORD10322,2025-10-11,Masala Chai,Beverages,Tea,3,124,372,18.0,66.96,438.96,218.83,153.17
ORD10164,2025-10-11,Chicken Roll,Food,Snacks,2,240,480,5.0,24.0,504.0,342.09,137.91
ORD10573,2025-10-11,Iced Latte,Beverages,Cold Drinks,1,307,307,18.0,55.26,362.26,259.88,47.12
ORD10158,2025-10-11,Croissant,Food,Bakery,3,207,621,5.0,31.05,652.05,396.1,224.9
ORD10468,2025-10-12,Cappuccino,Beverages,Coffee,3,144,432,18.0,77.76,509.76,278.41,153.59
ORD10808,2025-10-12,Muffin,Food,Bakery,3,224,672,5.0,33.6,705.6,442.54,229.46
ORD10518,2025-10-12,Banana Bread,Food,Bakery,4,209,836,5.0,41.8,877.8,536.68,299.32
ORD10560,2025-10-13,Sandwich,Food,Snacks,4,248,992,5.0,49.6,1041.6,692.23,299.77
ORD10717,2025-10-13,Sandwich,Food,Snacks,4,167,668,5.0,33.4,701.4,469.12,198.88
ORD10169,2025-10-13,Veg Puff,Food,Snacks,2,220,440,5.0,22.0,462.0,268.84,171.16
ORD10795,2025-10-13,Latte,Beverages,Coffee,4,166,664,18.0,119.52,783.52,365.84,298.16
ORD10320,2025-10-13,Espresso,Beverages,Coffee,1,189,189,18.0,34.02,223.02,105.59,83.41
ORD10761,2025-10-15,Banana Bread,Food,Bakery,2,144,288,5.0,14.4,302.4,205.81,82.19
ORD10363,2025-10-15,Veg Puff,Food,Snacks,1,181,181,5.0,9.05,190.05,125.93,55.07
ORD10392,2025-10-15,Banana Bread,Food,Bakery,3,106,318,5.0,15.9,333.9,223.6,94.4
ORD10106,2025-10-16,Black Tea,Beverages,Tea,1,234,234,18.0,42.12,276.12,126.43,107.57
ORD10943,2025-10-16,Masala Chai,Beverages,Tea,3,253,759,18.0,136.62,895.62,381.5,377.5
ORD10300,2025-10-16,Espresso,Beverages,Coffee,1,326,326,18.0,58.68,384.68,204.1,121.9
ORD10723,2025-10-16,Cappuccino,Beverages,Coffee,3,332,996,18.0,179.28,1175.28,596.43,399.57
ORD10479,2025-10-16,Croissant,Food,Bakery,3,236,708,5.0,35.4,743.4,431.14,276.86
ORD10449,2025-10-17,Black Tea,Beverages,Tea,1,320,320,18.0,57.6,377.6,174.67,145.33
ORD10489,2025-10-17,Sandwich,Food,Snacks,3,113,339,5.0,16.95,355.95,233.24,105.76
ORD10627,2025-10-19,Cold Brew,Beverages,Cold Drinks,2,190,380,18.0,68.4,448.4,329.59,50.41
ORD10874,2025-10-19,Green Tea,Beverages,Tea,2,313,626,18.0,112.68,738.68,350.83,275.17
ORD10997,2025-10-20,Iced Latte,Beverages,Cold Drinks,4,332,1328,18.0,239.04,1567.04,1191.18,136.82
ORD10119,2025-10-20,Frappuccino,Beverages,Cold Drinks,2,318,636,18.0,114.48,750.48,578.59,57.41
ORD10227,2025-10-21,Cappuccino,Beverages,Coffee,3,187,561,18.0,100.98,661.98,294.5,266.5
ORD10902,2025-10-21,Banana Bread,Food,Bakery,3,240,720,5.0,36.0,756.0,510.62,209.38
ORD10021,2025-10-21,Sandwich,Food,Snacks,3,122,366,5.0,18.3,384.3,241.68,124.32
ORD10791,2025-10-21,Muffin,Food,Bakery,2,156,312,5.0,15.6,327.6,213.62,98.38
ORD10200,2025-10-22,Chicken Roll,Food,Snacks,4,232,928,5.0,46.4,974.4,612.02,315.98
ORD10081,2025-10-23,Frappuccino,Beverages,Cold Drinks,3,276,828,18.0,149.04,977.04,756.41,71.59
ORD10256,2025-10-25,Iced Latte,Beverages,Cold Drinks,4,300,1200,18.0,216.0,1416.0,1092.6,107.4
ORD10370,2025-10-26,Frappuccino,Beverages,Cold Drinks,4,154,616,18.0,110.88,726.88,493.88,122.12
ORD10914,2025-10-27,Espresso,Beverages,Coffee,4,147,588,18.0,105.84,693.84,332.17,255.83
ORD10980,2025-10-27,Green Tea,Beverages,Tea,4,288,1152,18.0,207.36,1359.36,685.99,466.01
ORD10858,2025-10-28,Espresso,Beverages,Coffee,1,145,145,18.0,26.1,171.1,74.45,70.55
ORD10625,2025-10-28,Masala Chai,Beverages,Tea,1,308,308,18.0,55.44,363.44,155.02,152.98
ORD10094,2025-10-28,Veg Puff,Food,Snacks,2,106,212,5.0,10.6,222.6,129.38,82.62
ORD10341,2025-10-29,Chicken Roll,Food,Snacks,2,142,284,5.0,14.2,298.2,202.84,81.16
ORD10521,2025-10-29,Veg Puff,Food,Snacks,1,104,104,5.0,5.2,109.2,70.64,33.36
ORD10781,2025-10-30,Croissant,Food,Bakery,1,161,161,5.0,8.05,169.05,100.77,60.23
ORD10662,2025-10-30,Black Tea,Beverages,Tea,3,295,885,18.0,159.3,1044.3,484.07,400.93
ORD10714,2025-10-30,Chicken Roll,Food,Snacks,1,151,151,5.0,7.55,158.55,105.54,45.46
ORD10882,2025-10-30,Banana Bread,Food,Bakery,2,124,248,5.0,12.4,260.4,154.39,93.61
ORD10302,2025-10-31,Americano,Beverages,Coffee,1,305,305,18.0,54.9,359.9,191.22,113.78
ORD10274,2025-10-31,Frappuccino,Beverages,Cold Drinks,1,121,121,18.0,21.78,142.78,98.08,22.92
ORD10076,2025-10-31,Banana Bread,Food,Bakery,4,243,972,5.0,48.6,1020.6,651.72,320.28
ORD10324,2025-10-31,Banana Bread,Food,Bakery,3,130,390,5.0,19.5,409.5,275.36,114.64
ORD10265,2025-10-31,Banana Bread,Food,Bakery,2,163,326,5.0,16.3,342.3,214.38,111.62
ORD10405,2025-11-01,Green Tea,Beverages,Tea,4,169,676,18.0,121.68,797.68,421.41,254.59
ORD10675,2025-11-01,Latte,Beverages,Coffee,3,253,759,18.0,136.62,895.62,465.98,293.02
ORD10772,2025-11-02,Frappuccino,Beverages,Cold Drinks,3,170,510,18.0,91.8,601.8,444.64,65.36
ORD10378,2025-11-02,Banana Bread,Food,Bakery,3,114,342,5.0,17.1,359.1,236.59,105.41
ORD10792,2025-11-02,Americano,Beverages,Coffee,4,280,1120,18.0,201.6,1321.6,622.92,497.08
ORD10187,2025-11-03,Iced Latte,Beverages,Cold Drinks,3,173,519,18.0,93.42,612.42,428.67,90.33
ORD10043,2025-11-03,Cold Brew,Beverages,Cold Drinks,4,226,904,18.0,162.72,1066.72,822.12,81.88
ORD10248,2025-11-04,Chicken Roll,Food,Snacks,2,114,228,5.0,11.4,239.4,142.63,85.37
ORD10798,2025-11-04,Sandwich,Food,Snacks,3,225,675,5.0,33.75,708.75,430.21,244.79
ORD10425,2025-11-04,Masala Chai,Beverages,Tea,1,307,307,18.0,55.26,362.26,156.72,150.28
ORD10018,2025-11-05,Iced Latte,Beverages,Cold Drinks,2,208,416,18.0,74.88,490.88,373.56,42.44
ORD10068,2025-11-06,Espresso,Beverages,Coffee,1,332,332,18.0,59.76,391.76,174.87,157.13
ORD10294,2025-11-06,Banana Bread,Food,Bakery,3,152,456,5.0,22.8,478.8,275.99,180.01
ORD10956,2025-11-07,Iced Latte,Beverages,Cold Drinks,1,238,238,18.0,42.84,280.84,205.56,32.44
ORD10424,2025-11-07,Veg Puff,Food,Snacks,1,112,112,5.0,5.6,117.6,78.38,33.62
ORD10741,2025-11-07,Banana Bread,Food,Bakery,4,126,504,5.0,25.2,529.2,316.85,187.15
ORD10716,2025-11-08,Croissant,Food,Bakery,2,177,354,5.0,17.7,371.7,237.84,116.16
ORD10653,2025-11-08,Muffin,Food,Bakery,4,140,560,5.0,28.0,588.0,354.58,205.42
ORD10894,2025-11-08,Americano,Beverages,Coffee,2,212,424,18.0,76.32,500.32,257.48,166.52
ORD10778,2025-11-09,Banana Bread,Food,Bakery,1,180,180,5.0,9.0,189.0,117.12,62.88
ORD10381,2025-11-09,Muffin,Food,Bakery,3,250,750,5.0,37.5,787.5,450.68,299.32
ORD10402,2025-11-10,Croissant,Food,Bakery,1,221,221,5.0,11.05,232.05,154.87,66.13
ORD10025,2025-11-10,Croissant,Food,Bakery,3,233,699,5.0,34.95,733.95,472.05,226.95
ORD10534,2025-11-10,Banana Bread,Food,Bakery,3,109,327,5.0,16.35,343.35,200.55,126.45
ORD10191,2025-11-11,Americano,Beverages,Coffee,3,335,1005,18.0,180.9,1185.9,625.49,379.51
ORD10735,2025-11-11,Banana Bread,Food,Bakery,4,191,764,5.0,38.2,802.2,479.87,284.13
ORD10940,2025-11-11,Black Tea,Beverages,Tea,2,211,422,18.0,75.96,497.96,265.26,156.74
ORD10380,2025-11-12,Frappuccino,Beverages,Cold Drinks,3,242,726,18.0,130.68,856.68,582.39,143.61
ORD10695,2025-11-12,Espresso,Beverages,Coffee,1,323,323,18.0,58.14,381.14,198.62,124.38
ORD10050,2025-11-12,Masala Chai,Beverages,Tea,1,170,170,18.0,30.6,200.6,87.66,82.34
ORD10647,2025-11-13,Croissant,Food,Bakery,4,230,920,5.0,46.0,966.0,583.18,336.82
ORD10661,2025-11-13,Chicken Roll,Food,Snacks,1,107,107,5.0,5.35,112.35,73.61,33.39
ORD10846,2025-11-13,Croissant,Food,Bakery,3,147,441,5.0,22.05,463.05,270.38,170.62
ORD10323,2025-11-13,Croissant,Food,Bakery,1,263,263,5.0,13.15,276.15,165.28,97.72
ORD10952,2025-11-14,Banana Bread,Food,Bakery,1,256,256,5.0,12.8,268.8,182.4,73.6
ORD10441,2025-11-14,Frappuccino,Beverages,Cold Drinks,4,331,1324,18.0,238.32,1562.32,1181.32,142.68
ORD10184,2025-11-14,Chicken Roll,Food,Snacks,3,173,519,5.0,25.95,544.95,322.39,196.61
ORD10197,2025-11-14,Croissant,Food,Bakery,2,175,350,5.0,17.5,367.5,244.0,106.0
ORD10434,2025-11-15,Cappuccino,Beverages,Coffee,3,340,1020,18.0,183.6,1203.6,625.49,394.51
ORD10869,2025-11-15,Chicken Roll,Food,Snacks,4,272,1088,5.0,54.4,1142.4,662.24,425.76
ORD10938,2025-11-16,Sandwich,Food,Snacks,4,164,656,5.0,32.8,688.8,429.41,226.59
ORD10995,2025-11-16,Chicken Roll,Food,Snacks,2,264,528,5.0,26.4,554.4,366.5,161.5
ORD10041,2025-11-16,Cold Brew,Beverages,Cold Drinks,2,223,446,18.0,80.28,526.28,368.97,77.03
ORD10620,2025-11-17,Chicken Roll,Food,Snacks,2,227,454,5.0,22.7,476.7,312.22,141.78
ORD10385,2025-11-17,Espresso,Beverages,Coffee,3,333,999,18.0,179.82,1178.82,514.7,484.3
ORD10391,2025-11-18,Americano,Beverages,Coffee,1,209,209,18.0,37.62,246.62,120.88,88.12
ORD10966,2025-11-18,Muffin,Food,Bakery,3,156,468,5.0,23.4,491.4,284.2,183.8
ORD10358,2025-11-19,Croissant,Food,Bakery,1,162,162,5.0,8.1,170.1,114.04,47.96
ORD10512,2025-11-19,Chicken Roll,Food,Snacks,4,168,672,5.0,33.6,705.6,482.89,189.11
ORD10351,2025-11-19,Sandwich,Food,Snacks,2,270,540,5.0,27.0,567.0,325.14,214.86
ORD10984,2025-11-20,Muffin,Food,Bakery,3,118,354,5.0,17.7,371.7,215.5,138.5
ORD10222,2025-11-20,Cold Brew,Beverages,Cold Drinks,3,189,567,18.0,102.06,669.06,505.38,61.62
ORD10487,2025-11-21,Cappuccino,Beverages,Coffee,2,310,620,18.0,111.6,731.6,370.83,249.17
ORD10496,2025-11-21,Sandwich,Food,Snacks,4,272,1088,5.0,54.4,1142.4,716.49,371.51
ORD10229,2025-11-21,Banana Bread,Food,Bakery,1,217,217,5.0,10.85,227.85,131.71,85.29
ORD10982,2025-11-22,Green Tea,Beverages,Tea,2,209,418,18.0,75.24,493.24,244.71,173.29
ORD10848,2025-11-22,Black Tea,Beverages,Tea,1,232,232,18.0,41.76,273.76,147.08,84.92
ORD10238,2025-11-22,Black Tea,Beverages,Tea,1,123,123,18.0,22.14,145.14,63.39,59.61
ORD10408,2025-11-22,Banana Bread,Food,Bakery,3,168,504,5.0,25.2,529.2,316.63,187.37
ORD10097,2025-11-23,Cold Brew,Beverages,Cold Drinks,2,307,614,18.0,110.52,724.52,556.97,57.03
ORD10623,2025-11-23,Chicken Roll,Food,Snacks,3,148,444,5.0,22.2,466.2,282.85,161.15
ORD10154,2025-11-23,Black Tea,Beverages,Tea,2,306,612,18.0,110.16,722.16,365.17,246.83
ORD10113,2025-11-24,Iced Latte,Beverages,Cold Drinks,2,285,570,18.0,102.6,672.6,493.91,76.09
ORD10046,2025-11-25,Cappuccino,Beverages,Coffee,4,323,1292,18.0,232.56,1524.56,755.52,536.48
ORD10811,2025-11-26,Sandwich,Food,Snacks,3,134,402,5.0,20.1,422.1,262.62,139.38
ORD10683,2025-11-26,Frappuccino,Beverages,Cold Drinks,4,142,568,18.0,102.24,670.24,493.75,74.25
ORD10515,2025-11-26,Black Tea,Beverages,Tea,1,248,248,18.0,44.64,292.64,153.84,94.16
ORD10011,2025-11-27,Sandwich,Food,Snacks,1,134,134,5.0,6.7,140.7,92.32,41.68
ORD10951,2025-11-27,Muffin,Food,Bakery,4,158,632,5.0,31.6,663.6,447.41,184.59
ORD10598,2025-11-27,Muffin,Food,Bakery,1,168,168,5.0,8.4,176.4,110.11,57.89
ORD10170,2025-11-27,Veg Puff,Food,Snacks,4,202,808,5.0,40.4,848.4,556.32,251.68
ORD11000,2025-11-29,Iced Latte,Beverages,Cold Drinks,1,274,274,18.0,49.32,323.32,232.44,41.56
ORD10970,2025-12-01,Sandwich,Food,Snacks,2,260,520,5.0,26.0,546.0,330.84,189.16
ORD10976,2025-12-01,Cold Brew,Beverages,Cold Drinks,4,127,508,18.0,91.44,599.44,461.12,46.88
ORD10796,2025-12-01,Frappuccino,Beverages,Cold Drinks,4,321,1284,18.0,231.12,1515.12,1085.58,198.42
ORD10801,2025-12-01,Cold Brew,Beverages,Cold Drinks,2,323,646,18.0,116.28,762.28,551.99,94.01
ORD10500,2025-12-02,Americano,Beverages,Coffee,2,315,630,18.0,113.4,743.4,345.68,284.32
ORD10827,2025-12-02,Frappuccino,Beverages,Cold Drinks,4,201,804,18.0,144.72,948.72,674.64,129.36
ORD10526,2025-12-03,Muffin,Food,Bakery,3,277,831,5.0,41.55,872.55,510.7,320.3
ORD10872,2025-12-03,Sandwich,Food,Snacks,2,218,436,5.0,21.8,457.8,303.17,132.83
ORD10292,2025-12-04,Green Tea,Beverages,Tea,3,266,798,18.0,143.64,941.64,455.28,342.72
ORD10794,2025-12-04,Croissant,Food,Bakery,4,264,1056,5.0,52.8,1108.8,730.15,325.85
ORD10251,2025-12-04,Iced Latte,Beverages,Cold Drinks,3,327,981,18.0,176.58,1157.58,898.78,82.22
ORD10085,2025-12-04,Muffin,Food,Bakery,3,277,831,5.0,41.55,872.55,564.31,266.69
ORD10577,2025-12-05,Green Tea,Beverages,Tea,4,251,1004,18.0,180.72,1184.72,592.89,411.11
ORD10617,2025-12-05,Sandwich,Food,Snacks,4,259,1036,5.0,51.8,1087.8,689.77,346.23
ORD10285,2025-12-06,Black Tea,Beverages,Tea,2,203,406,18.0,73.08,479.08,240.29,165.71
ORD10504,2025-12-06,Masala Chai,Beverages,Tea,1,232,232,18.0,41.76,273.76,119.55,112.45
ORD10056,2025-12-06,Black Tea,Beverages,Tea,3,268,804,18.0,144.72,948.72,408.6,395.4
ORD10813,2025-12-06,Black Tea,Beverages,Tea,1,148,148,18.0,26.64,174.64,87.47,60.53
ORD10168,2025-12-06,Chicken Roll,Food,Snacks,4,115,460,5.0,23.0,483.0,291.0,169.0
ORD10730,2025-12-07,Espresso,Beverages,Coffee,4,301,1204,18.0,216.72,1420.72,685.88,518.12
ORD10476,2025-12-07,Muffin,Food,Bakery,2,188,376,5.0,18.8,394.8,247.47,128.53
ORD10784,2025-12-07,Croissant,Food,Bakery,2,206,412,5.0,20.6,432.6,267.17,144.83
ORD10404,2025-12-08,Banana Bread,Food,Bakery,3,253,759,5.0,37.95,796.95,526.49,232.51
ORD10565,2025-12-08,Chicken Roll,Food,Snacks,1,113,113,5.0,5.65,118.65,80.79,32.21
ORD10394,2025-12-08,Black Tea,Beverages,Tea,4,310,1240,18.0,223.2,1463.2,767.57,472.43
ORD10364,2025-12-08,Espresso,Beverages,Coffee,1,202,202,18.0,36.36,238.36,125.78,76.22
ORD10621,2025-12-08,Espresso,Beverages,Coffee,1,177,177,18.0,31.86,208.86,95.31,81.69
ORD10734,2025-12-08,Veg Puff,Food,Snacks,3,256,768,5.0,38.4,806.4,482.68,285.32
ORD10211,2025-12-09,Veg Puff,Food,Snacks,4,269,1076,5.0,53.8,1129.8,725.48,350.52
ORD10099,2025-12-10,Muffin,Food,Bakery,3,229,687,5.0,34.35,721.35,460.86,226.14
ORD10020,2025-12-10,Banana Bread,Food,Bakery,1,278,278,5.0,13.9,291.9,176.85,101.15
ORD10029,2025-12-11,Cold Brew,Beverages,Cold Drinks,2,276,552,18.0,99.36,651.36,491.44,60.56
ORD10096,2025-12-11,Iced Latte,Beverages,Cold Drinks,3,244,732,18.0,131.76,863.76,636.81,95.19
ORD10261,2025-12-12,Banana Bread,Food,Bakery,2,162,324,5.0,16.2,340.2,217.03,106.97
ORD10054,2025-12-12,Sandwich,Food,Snacks,1,156,156,5.0,7.8,163.8,109.88,46.12
ORD10243,2025-12-12,Muffin,Food,Bakery,2,180,360,5.0,18.0,378.0,222.53,137.47
ORD10136,2025-12-12,Cappuccino,Beverages,Coffee,4,348,1392,18.0,250.56,1642.56,841.05,550.95
ORD10438,2025-12-12,Frappuccino,Beverages,Cold Drinks,4,255,1020,18.0,183.6,1203.6,874.13,145.87
ORD10853,2025-12-12,Chicken Roll,Food,Snacks,3,270,810,5.0,40.5,850.5,553.31,256.69
ORD10636,2025-12-12,Veg Puff,Food,Snacks,2,266,532,5.0,26.6,558.6,337.75,194.25
ORD10797,2025-12-13,Masala Chai,Beverages,Tea,3,282,846,18.0,152.28,998.28,471.97,374.03
ORD10650,2025-12-14,Iced Latte,Beverages,Cold Drinks,2,242,484,18.0,87.12,571.12,392.63,91.37
ORD10690,2025-12-14,Espresso,Beverages,Coffee,3,319,957,18.0,172.26,1129.26,518.59,438.41
ORD10172,2025-12-14,Cappuccino,Beverages,Coffee,2,239,478,18.0,86.04,564.04,300.15,177.85
ORD10763,2025-12-14,Banana Bread,Food,Bakery,3,273,819,5.0,40.95,859.95,561.92,257.08
ORD10340,2025-12-15,Frappuccino,Beverages,Cold Drinks,1,139,139,18.0,25.02,164.02,119.2,19.8
ORD10239,2025-12-15,Sandwich,Food,Snacks,3,138,414,5.0,20.7,434.7,287.89,126.11
ORD10291,2025-12-15,Americano,Beverages,Coffee,1,144,144,18.0,25.92,169.92,85.3,58.7
ORD10461,2025-12-15,Espresso,Beverages,Coffee,1,129,129,18.0,23.22,152.22,75.63,53.37
ORD10002,2025-12-15,Croissant,Food,Bakery,1,109,109,5.0,5.45,114.45,66.23,42.77
ORD10953,2025-12-16,Cold Brew,Beverages,Cold Drinks,4,345,1380,18.0,248.4,1628.4,1182.4,197.6
ORD10867,2025-12-16,Croissant,Food,Bakery,3,201,603,5.0,30.15,633.15,387.04,215.96
ORD10421,2025-12-16,Banana Bread,Food,Bakery,4,135,540,5.0,27.0,567.0,365.81,174.19
ORD10950,2025-12-16,Masala Chai,Beverages,Tea,4,336,1344,18.0,241.92,1585.92,764.33,579.67
ORD10075,2025-12-17,Cold Brew,Beverages,Cold Drinks,1,168,168,18.0,30.24,198.24,142.01,25.99
ORD10744,2025-12-17,Chicken Roll,Food,Snacks,3,241,723,5.0,36.15,759.15,472.62,250.38
ORD10140,2025-12-18,Masala Chai,Beverages,Tea,3,176,528,18.0,95.04,623.04,305.29,222.71
ORD10834,2025-12-18,Croissant,Food,Bakery,2,248,496,5.0,24.8,520.8,344.65,151.35
ORD10246,2025-12-18,Croissant,Food,Bakery,1,246,246,5.0,12.3,258.3,160.66,85.34
ORD10390,2025-12-20,Cold Brew,Beverages,Cold Drinks,1,121,121,18.0,21.78,142.78,110.98,10.02
ORD10558,2025-12-21,Green Tea,Beverages,Tea,4,346,1384,18.0,249.12,1633.12,874.65,509.35
ORD10878,2025-12-21,Veg Puff,Food,Snacks,1,217,217,5.0,10.85,227.85,145.39,71.61
ORD10423,2025-12-21,Chicken Roll,Food,Snacks,3,196,588,5.0,29.4,617.4,377.04,210.96
ORD10377,2025-12-21,Cold Brew,Beverages,Cold Drinks,1,167,167,18.0,30.06,197.06,138.53,28.47
ORD10999,2025-12-22,Sandwich,Food,Snacks,3,275,825,5.0,41.25,866.25,520.13,304.87
ORD10541,2025-12-23,Banana Bread,Food,Bakery,1,138,138,5.0,6.9,144.9,87.08,50.92
ORD10699,2025-12-23,Croissant,Food,Bakery,2,219,438,5.0,21.9,459.9,287.0,151.0
ORD10482,2025-12-23,Muffin,Food,Bakery,4,196,784,5.0,39.2,823.2,529.97,254.03
ORD10686,2025-12-24,Espresso,Beverages,Coffee,4,152,608,18.0,109.44,717.44,371.42,236.58
ORD10746,2025-12-24,Cappuccino,Beverages,Coffee,2,308,616,18.0,110.88,726.88,386.92,229.08
ORD10132,2025-12-25,Chicken Roll,Food,Snacks,2,253,506,5.0,25.3,531.3,310.07,195.93
ORD10181,2025-12-25,Muffin,Food,Bakery,4,151,604,5.0,30.2,634.2,379.19,224.81
ORD10359,2025-12-26,Muffin,Food,Bakery,4,188,752,5.0,37.6,789.6,519.1,232.9
ORD10252,2025-12-26,Americano,Beverages,Coffee,1,293,293,18.0,52.74,345.74,184.68,108.32
ORD10122,2025-12-26,Veg Puff,Food,Snacks,3,153,459,5.0,22.95,481.95,285.56,173.44
ORD10063,2025-12-26,Frappuccino,Beverages,Cold Drinks,3,227,681,18.0,122.58,803.58,556.31,124.69
ORD10014,2025-12-26,Americano,Beverages,Coffee,4,133,532,18.0,95.76,627.76,279.06,252.94
ORD10830,2025-12-26,Muffin,Food,Bakery,1,244,244,5.0,12.2,256.2,162.3,81.7
ORD10648,2025-12-27,Sandwich,Food,Snacks,4,141,564,5.0,28.2,592.2,392.43,171.57
ORD10559,2025-12-27,Banana Bread,Food,Bakery,3,197,591,5.0,29.55,620.55,376.65,214.35
ORD10899,2025-12-29,Americano,Beverages,Coffee,3,184,552,18.0,99.36,651.36,298.39,253.61
ORD10631,2025-12-30,Chicken Roll,Food,Snacks,2,116,232,5.0,11.6,243.6,141.48,90.52
ORD10038,2025-12-30,Americano,Beverages,Coffee,3,234,702,18.0,126.36,828.36,410.55,291.45
ORD10941,2025-12-31,Cold Brew,Beverages,Cold Drinks,2,300,600,18.0,108.0,708.0,535.45,64.55
ORD10720,2025-12-31,Banana Bread,Food,Bakery,1,115,115,5.0,5.75,120.75,80.57,34.43
ORD10619,2025-12-31,Cappuccino,Beverages,Coffee,2,289,578,18.0,104.04,682.04,325.31,252.69
ORD10313,2025-12-31,Veg Puff,Food,Snacks,4,125,500,5.0,25.0,525.0,324.32,175.68
ORD10420,2025-12-31,Muffin,Food,Bakery,3,131,393,5.0,19.65,412.65,272.24,120.76
ORD10890,2025-12-31,Muffin,Food,Bakery,2,107,214,5.0,10.7,224.7,138.71,75.29
